year,Period,Geo Level,State,State ANSI,County ANSI,Ag District,Ag District Code,name,Commodity,rate,CV (%),code
2010,YEAR,COUNTY,IOWA,19,1,SOUTHWEST,70,ADAIR,CORN,139.1,,19001
2010,YEAR,COUNTY,IOWA,19,3,SOUTHWEST,70,ADAMS,CORN,139.3,,19003
2010,YEAR,COUNTY,IOWA,19,5,NORTHEAST,30,ALLAMAKEE,CORN,175.8,,19005
2010,YEAR,COUNTY,IOWA,19,7,SOUTH CENTRAL,80,APPANOOSE,CORN,75.2,,19007
2010,YEAR,COUNTY,IOWA,19,9,WEST CENTRAL,40,AUDUBON,CORN,160.3,,19009
2010,YEAR,COUNTY,IOWA,19,11,EAST CENTRAL,60,BENTON,CORN,179,,19011
2010,YEAR,COUNTY,IOWA,19,13,NORTHEAST,30,BLACK HAWK,CORN,170.4,,19013
2010,YEAR,COUNTY,IOWA,19,15,CENTRAL,50,BOONE,CORN,162.5,,19015
2010,YEAR,COUNTY,IOWA,19,17,NORTHEAST,30,BREMER,CORN,174.6,,19017
2010,YEAR,COUNTY,IOWA,19,19,NORTHEAST,30,BUCHANAN,CORN,167.5,,19019
2010,YEAR,COUNTY,IOWA,19,21,NORTHWEST,10,BUENA VISTA,CORN,178.3,,19021
2010,YEAR,COUNTY,IOWA,19,23,NORTH CENTRAL,20,BUTLER,CORN,180.5,,19023
2010,YEAR,COUNTY,IOWA,19,25,WEST CENTRAL,40,CALHOUN,CORN,173.3,,19025
2010,YEAR,COUNTY,IOWA,19,27,WEST CENTRAL,40,CARROLL,CORN,182,,19027
2010,YEAR,COUNTY,IOWA,19,29,SOUTHWEST,70,CASS,CORN,155.1,,19029
2010,YEAR,COUNTY,IOWA,19,31,EAST CENTRAL,60,CEDAR,CORN,174.4,,19031
2010,YEAR,COUNTY,IOWA,19,33,NORTH CENTRAL,20,CERRO GORDO,CORN,173,,19033
2010,YEAR,COUNTY,IOWA,19,35,NORTHWEST,10,CHEROKEE,CORN,186.9,,19035
2010,YEAR,COUNTY,IOWA,19,37,NORTHEAST,30,CHICKASAW,CORN,182,,19037
2010,YEAR,COUNTY,IOWA,19,39,SOUTH CENTRAL,80,CLARKE,CORN,84.5,,19039
2010,YEAR,COUNTY,IOWA,19,41,NORTHWEST,10,CLAY,CORN,177.6,,19041
2010,YEAR,COUNTY,IOWA,19,43,NORTHEAST,30,CLAYTON,CORN,176.9,,19043
2010,YEAR,COUNTY,IOWA,19,45,EAST CENTRAL,60,CLINTON,CORN,171.2,,19045
2010,YEAR,COUNTY,IOWA,19,47,WEST CENTRAL,40,CRAWFORD,CORN,185.8,,19047
2010,YEAR,COUNTY,IOWA,19,49,CENTRAL,50,DALLAS,CORN,141.9,,19049
2010,YEAR,COUNTY,IOWA,19,51,SOUTHEAST,90,DAVIS,CORN,84,,19051
2010,YEAR,COUNTY,IOWA,19,53,SOUTH CENTRAL,80,DECATUR,CORN,94.3,,19053
2010,YEAR,COUNTY,IOWA,19,55,NORTHEAST,30,DELAWARE,CORN,175.8,,19055
2010,YEAR,COUNTY,IOWA,19,57,SOUTHEAST,90,DES MOINES,CORN,112.1,,19057
2010,YEAR,COUNTY,IOWA,19,59,NORTHWEST,10,DICKINSON,CORN,181,,19059
2010,YEAR,COUNTY,IOWA,19,61,NORTHEAST,30,DUBUQUE,CORN,170.4,,19061
2010,YEAR,COUNTY,IOWA,19,63,NORTHWEST,10,EMMET,CORN,183.1,,19063
2010,YEAR,COUNTY,IOWA,19,65,NORTHEAST,30,FAYETTE,CORN,166.5,,19065
2010,YEAR,COUNTY,IOWA,19,67,NORTH CENTRAL,20,FLOYD,CORN,177.8,,19067
2010,YEAR,COUNTY,IOWA,19,69,NORTH CENTRAL,20,FRANKLIN,CORN,168,,19069
2010,YEAR,COUNTY,IOWA,19,71,SOUTHWEST,70,FREMONT,CORN,152.7,,19071
2010,YEAR,COUNTY,IOWA,19,73,WEST CENTRAL,40,GREENE,CORN,167.3,,19073
2010,YEAR,COUNTY,IOWA,19,75,CENTRAL,50,GRUNDY,CORN,192.9,,19075
2010,YEAR,COUNTY,IOWA,19,77,WEST CENTRAL,40,GUTHRIE,CORN,141.3,,19077
2010,YEAR,COUNTY,IOWA,19,79,CENTRAL,50,HAMILTON,CORN,169.6,,19079
2010,YEAR,COUNTY,IOWA,19,81,NORTH CENTRAL,20,HANCOCK,CORN,176.9,,19081
2010,YEAR,COUNTY,IOWA,19,83,CENTRAL,50,HARDIN,CORN,185.8,,19083
2010,YEAR,COUNTY,IOWA,19,85,WEST CENTRAL,40,HARRISON,CORN,159.4,,19085
2010,YEAR,COUNTY,IOWA,19,87,SOUTHEAST,90,HENRY,CORN,109,,19087
2010,YEAR,COUNTY,IOWA,19,89,NORTHEAST,30,HOWARD,CORN,191.4,,19089
2010,YEAR,COUNTY,IOWA,19,91,NORTH CENTRAL,20,HUMBOLDT,CORN,153.2,,19091
2010,YEAR,COUNTY,IOWA,19,93,WEST CENTRAL,40,IDA,CORN,191.8,,19093
2010,YEAR,COUNTY,IOWA,19,95,EAST CENTRAL,60,IOWA,CORN,158.5,,19095
2010,YEAR,COUNTY,IOWA,19,97,EAST CENTRAL,60,JACKSON,CORN,157.2,,19097
2010,YEAR,COUNTY,IOWA,19,99,CENTRAL,50,JASPER,CORN,152.7,,19099
2010,YEAR,COUNTY,IOWA,19,101,SOUTHEAST,90,JEFFERSON,CORN,98.5,,19101
2010,YEAR,COUNTY,IOWA,19,103,EAST CENTRAL,60,JOHNSON,CORN,150.9,,19103
2010,YEAR,COUNTY,IOWA,19,105,EAST CENTRAL,60,JONES,CORN,168.9,,19105
2010,YEAR,COUNTY,IOWA,19,107,SOUTHEAST,90,KEOKUK,CORN,111.2,,19107
2010,YEAR,COUNTY,IOWA,19,109,NORTH CENTRAL,20,KOSSUTH,CORN,184,,19109
2010,YEAR,COUNTY,IOWA,19,111,SOUTHEAST,90,LEE,CORN,103.2,,19111
2010,YEAR,COUNTY,IOWA,19,113,EAST CENTRAL,60,LINN,CORN,170.3,,19113
2010,YEAR,COUNTY,IOWA,19,115,SOUTHEAST,90,LOUISA,CORN,125.1,,19115
2010,YEAR,COUNTY,IOWA,19,117,SOUTH CENTRAL,80,LUCAS,CORN,71.2,,19117
2010,YEAR,COUNTY,IOWA,19,119,NORTHWEST,10,LYON,CORN,195.2,,19119
2010,YEAR,COUNTY,IOWA,19,121,SOUTH CENTRAL,80,MADISON,CORN,124.6,,19121
2010,YEAR,COUNTY,IOWA,19,123,SOUTHEAST,90,MAHASKA,CORN,116.6,,19123
2010,YEAR,COUNTY,IOWA,19,125,SOUTH CENTRAL,80,MARION,CORN,112.7,,19125
2010,YEAR,COUNTY,IOWA,19,127,CENTRAL,50,MARSHALL,CORN,183.3,,19127
2010,YEAR,COUNTY,IOWA,19,129,SOUTHWEST,70,MILLS,CORN,160.2,,19129
2010,YEAR,COUNTY,IOWA,19,131,NORTH CENTRAL,20,MITCHELL,CORN,190.5,,19131
2010,YEAR,COUNTY,IOWA,19,133,WEST CENTRAL,40,MONONA,CORN,168.7,,19133
2010,YEAR,COUNTY,IOWA,19,135,SOUTH CENTRAL,80,MONROE,CORN,77.4,,19135
2010,YEAR,COUNTY,IOWA,19,137,SOUTHWEST,70,MONTGOMERY,CORN,157,,19137
2010,YEAR,COUNTY,IOWA,19,139,EAST CENTRAL,60,MUSCATINE,CORN,144.8,,19139
2010,YEAR,COUNTY,IOWA,19,141,NORTHWEST,10,O BRIEN,CORN,190.7,,19141
2010,YEAR,COUNTY,IOWA,19,143,NORTHWEST,10,OSCEOLA,CORN,192.7,,19143
2010,YEAR,COUNTY,IOWA,19,145,SOUTHWEST,70,PAGE,CORN,150.1,,19145
2010,YEAR,COUNTY,IOWA,19,147,NORTHWEST,10,PALO ALTO,CORN,174,,19147
2010,YEAR,COUNTY,IOWA,19,149,NORTHWEST,10,PLYMOUTH,CORN,184.7,,19149
2010,YEAR,COUNTY,IOWA,19,151,NORTHWEST,10,POCAHONTAS,CORN,172.6,,19151
2010,YEAR,COUNTY,IOWA,19,153,CENTRAL,50,POLK,CORN,139.4,,19153
2010,YEAR,COUNTY,IOWA,19,155,SOUTHWEST,70,POTTAWATTAMIE,CORN,164.8,,19155
2010,YEAR,COUNTY,IOWA,19,157,CENTRAL,50,POWESHIEK,CORN,153.2,,19157
2010,YEAR,COUNTY,IOWA,19,159,SOUTH CENTRAL,80,RINGGOLD,CORN,94.1,,19159
2010,YEAR,COUNTY,IOWA,19,161,WEST CENTRAL,40,SAC,CORN,189.7,,19161
2010,YEAR,COUNTY,IOWA,19,163,EAST CENTRAL,60,SCOTT,CORN,151.9,,19163
2010,YEAR,COUNTY,IOWA,19,165,WEST CENTRAL,40,SHELBY,CORN,171.6,,19165
2010,YEAR,COUNTY,IOWA,19,167,NORTHWEST,10,SIOUX,CORN,196.5,,19167
2010,YEAR,COUNTY,IOWA,19,169,CENTRAL,50,STORY,CORN,163.9,,19169
2010,YEAR,COUNTY,IOWA,19,171,CENTRAL,50,TAMA,CORN,176.7,,19171
2010,YEAR,COUNTY,IOWA,19,173,SOUTHWEST,70,TAYLOR,CORN,122.2,,19173
2010,YEAR,COUNTY,IOWA,19,175,SOUTH CENTRAL,80,UNION,CORN,113.2,,19175
2010,YEAR,COUNTY,IOWA,19,177,SOUTHEAST,90,VAN BUREN,CORN,90.8,,19177
2010,YEAR,COUNTY,IOWA,19,179,SOUTHEAST,90,WAPELLO,CORN,100.2,,19179
2010,YEAR,COUNTY,IOWA,19,181,SOUTH CENTRAL,80,WARREN,CORN,102.4,,19181
2010,YEAR,COUNTY,IOWA,19,183,SOUTHEAST,90,WASHINGTON,CORN,132.5,,19183
2010,YEAR,COUNTY,IOWA,19,185,SOUTH CENTRAL,80,WAYNE,CORN,73.1,,19185
2010,YEAR,COUNTY,IOWA,19,187,CENTRAL,50,WEBSTER,CORN,168.4,,19187
2010,YEAR,COUNTY,IOWA,19,189,NORTH CENTRAL,20,WINNEBAGO,CORN,184.1,,19189
2010,YEAR,COUNTY,IOWA,19,191,NORTHEAST,30,WINNESHIEK,CORN,190.5,,19191
2010,YEAR,COUNTY,IOWA,19,193,WEST CENTRAL,40,WOODBURY,CORN,164.3,,19193
2010,YEAR,COUNTY,IOWA,19,195,NORTH CENTRAL,20,WORTH,CORN,193.2,,19195
2010,YEAR,COUNTY,IOWA,19,197,NORTH CENTRAL,20,WRIGHT,CORN,150,,19197
2011,YEAR,COUNTY,IOWA,19,1,SOUTHWEST,70,ADAIR,CORN,152.8,,19001
2011,YEAR,COUNTY,IOWA,19,3,SOUTHWEST,70,ADAMS,CORN,151.7,,19003
2011,YEAR,COUNTY,IOWA,19,5,NORTHEAST,30,ALLAMAKEE,CORN,173.3,,19005
2011,YEAR,COUNTY,IOWA,19,7,SOUTH CENTRAL,80,APPANOOSE,CORN,120.1,,19007
2011,YEAR,COUNTY,IOWA,19,9,WEST CENTRAL,40,AUDUBON,CORN,176.6,,19009
2011,YEAR,COUNTY,IOWA,19,11,EAST CENTRAL,60,BENTON,CORN,157.2,,19011
2011,YEAR,COUNTY,IOWA,19,13,NORTHEAST,30,BLACK HAWK,CORN,186.1,,19013
2011,YEAR,COUNTY,IOWA,19,15,CENTRAL,50,BOONE,CORN,182.5,,19015
2011,YEAR,COUNTY,IOWA,19,17,NORTHEAST,30,BREMER,CORN,196.5,,19017
2011,YEAR,COUNTY,IOWA,19,19,NORTHEAST,30,BUCHANAN,CORN,187,,19019
2011,YEAR,COUNTY,IOWA,19,21,NORTHWEST,10,BUENA VISTA,CORN,180.2,,19021
2011,YEAR,COUNTY,IOWA,19,23,NORTH CENTRAL,20,BUTLER,CORN,186.7,,19023
2011,YEAR,COUNTY,IOWA,19,25,WEST CENTRAL,40,CALHOUN,CORN,181.9,,19025
2011,YEAR,COUNTY,IOWA,19,27,WEST CENTRAL,40,CARROLL,CORN,180.2,,19027
2011,YEAR,COUNTY,IOWA,19,29,SOUTHWEST,70,CASS,CORN,175.2,,19029
2011,YEAR,COUNTY,IOWA,19,31,EAST CENTRAL,60,CEDAR,CORN,184.9,,19031
2011,YEAR,COUNTY,IOWA,19,33,NORTH CENTRAL,20,CERRO GORDO,CORN,169.3,,19033
2011,YEAR,COUNTY,IOWA,19,35,NORTHWEST,10,CHEROKEE,CORN,176.7,,19035
2011,YEAR,COUNTY,IOWA,19,37,NORTHEAST,30,CHICKASAW,CORN,188.8,,19037
2011,YEAR,COUNTY,IOWA,19,39,SOUTH CENTRAL,80,CLARKE,CORN,107.7,,19039
2011,YEAR,COUNTY,IOWA,19,41,NORTHWEST,10,CLAY,CORN,185.4,,19041
2011,YEAR,COUNTY,IOWA,19,43,NORTHEAST,30,CLAYTON,CORN,186.8,,19043
2011,YEAR,COUNTY,IOWA,19,45,EAST CENTRAL,60,CLINTON,CORN,180,,19045
2011,YEAR,COUNTY,IOWA,19,47,WEST CENTRAL,40,CRAWFORD,CORN,181.8,,19047
2011,YEAR,COUNTY,IOWA,19,49,CENTRAL,50,DALLAS,CORN,172.1,,19049
2011,YEAR,COUNTY,IOWA,19,51,SOUTHEAST,90,DAVIS,CORN,97.8,,19051
2011,YEAR,COUNTY,IOWA,19,53,SOUTH CENTRAL,80,DECATUR,CORN,126.1,,19053
2011,YEAR,COUNTY,IOWA,19,55,NORTHEAST,30,DELAWARE,CORN,186.5,,19055
2011,YEAR,COUNTY,IOWA,19,57,SOUTHEAST,90,DES MOINES,CORN,146.6,,19057
2011,YEAR,COUNTY,IOWA,19,59,NORTHWEST,10,DICKINSON,CORN,169.3,,19059
2011,YEAR,COUNTY,IOWA,19,61,NORTHEAST,30,DUBUQUE,CORN,185.1,,19061
2011,YEAR,COUNTY,IOWA,19,63,NORTHWEST,10,EMMET,CORN,169.6,,19063
2011,YEAR,COUNTY,IOWA,19,65,NORTHEAST,30,FAYETTE,CORN,186.6,,19065
2011,YEAR,COUNTY,IOWA,19,67,NORTH CENTRAL,20,FLOYD,CORN,181.1,,19067
2011,YEAR,COUNTY,IOWA,19,69,NORTH CENTRAL,20,FRANKLIN,CORN,189.7,,19069
2011,YEAR,COUNTY,IOWA,19,71,SOUTHWEST,70,FREMONT,CORN,155.6,,19071
2011,YEAR,COUNTY,IOWA,19,73,WEST CENTRAL,40,GREENE,CORN,183.4,,19073
2011,YEAR,COUNTY,IOWA,19,75,CENTRAL,50,GRUNDY,CORN,172.8,,19075
2011,YEAR,COUNTY,IOWA,19,77,WEST CENTRAL,40,GUTHRIE,CORN,169.4,,19077
2011,YEAR,COUNTY,IOWA,19,79,CENTRAL,50,HAMILTON,CORN,180.6,,19079
2011,YEAR,COUNTY,IOWA,19,81,NORTH CENTRAL,20,HANCOCK,CORN,179.8,,19081
2011,YEAR,COUNTY,IOWA,19,83,CENTRAL,50,HARDIN,CORN,186.7,,19083
2011,YEAR,COUNTY,IOWA,19,85,WEST CENTRAL,40,HARRISON,CORN,169.9,,19085
2011,YEAR,COUNTY,IOWA,19,87,SOUTHEAST,90,HENRY,CORN,123.2,,19087
2011,YEAR,COUNTY,IOWA,19,89,NORTHEAST,30,HOWARD,CORN,185.8,,19089
2011,YEAR,COUNTY,IOWA,19,91,NORTH CENTRAL,20,HUMBOLDT,CORN,185.5,,19091
2011,YEAR,COUNTY,IOWA,19,93,WEST CENTRAL,40,IDA,CORN,182.9,,19093
2011,YEAR,COUNTY,IOWA,19,95,EAST CENTRAL,60,IOWA,CORN,171.6,,19095
2011,YEAR,COUNTY,IOWA,19,97,EAST CENTRAL,60,JACKSON,CORN,178.3,,19097
2011,YEAR,COUNTY,IOWA,19,99,CENTRAL,50,JASPER,CORN,171.1,,19099
2011,YEAR,COUNTY,IOWA,19,101,SOUTHEAST,90,JEFFERSON,CORN,112.4,,19101
2011,YEAR,COUNTY,IOWA,19,103,EAST CENTRAL,60,JOHNSON,CORN,171.9,,19103
2011,YEAR,COUNTY,IOWA,19,105,EAST CENTRAL,60,JONES,CORN,171.4,,19105
2011,YEAR,COUNTY,IOWA,19,107,SOUTHEAST,90,KEOKUK,CORN,152.4,,19107
2011,YEAR,COUNTY,IOWA,19,109,NORTH CENTRAL,20,KOSSUTH,CORN,179.9,,19109
2011,YEAR,COUNTY,IOWA,19,111,SOUTHEAST,90,LEE,CORN,105.2,,19111
2011,YEAR,COUNTY,IOWA,19,113,EAST CENTRAL,60,LINN,CORN,169.1,,19113
2011,YEAR,COUNTY,IOWA,19,115,SOUTHEAST,90,LOUISA,CORN,148.9,,19115
2011,YEAR,COUNTY,IOWA,19,117,SOUTH CENTRAL,80,LUCAS,CORN,114.9,,19117
2011,YEAR,COUNTY,IOWA,19,119,NORTHWEST,10,LYON,CORN,185.4,,19119
2011,YEAR,COUNTY,IOWA,19,121,SOUTH CENTRAL,80,MADISON,CORN,145.1,,19121
2011,YEAR,COUNTY,IOWA,19,123,SOUTHEAST,90,MAHASKA,CORN,165,,19123
2011,YEAR,COUNTY,IOWA,19,125,SOUTH CENTRAL,80,MARION,CORN,152.6,,19125
2011,YEAR,COUNTY,IOWA,19,127,CENTRAL,50,MARSHALL,CORN,166.3,,19127
2011,YEAR,COUNTY,IOWA,19,129,SOUTHWEST,70,MILLS,CORN,155,,19129
2011,YEAR,COUNTY,IOWA,19,131,NORTH CENTRAL,20,MITCHELL,CORN,180.1,,19131
2011,YEAR,COUNTY,IOWA,19,133,WEST CENTRAL,40,MONONA,CORN,158.3,,19133
2011,YEAR,COUNTY,IOWA,19,135,SOUTH CENTRAL,80,MONROE,CORN,112.5,,19135
2011,YEAR,COUNTY,IOWA,19,137,SOUTHWEST,70,MONTGOMERY,CORN,153.2,,19137
2011,YEAR,COUNTY,IOWA,19,139,EAST CENTRAL,60,MUSCATINE,CORN,164.6,,19139
2011,YEAR,COUNTY,IOWA,19,141,NORTHWEST,10,O BRIEN,CORN,185.1,,19141
2011,YEAR,COUNTY,IOWA,19,143,NORTHWEST,10,OSCEOLA,CORN,184.4,,19143
2011,YEAR,COUNTY,IOWA,19,145,SOUTHWEST,70,PAGE,CORN,136.2,,19145
2011,YEAR,COUNTY,IOWA,19,147,NORTHWEST,10,PALO ALTO,CORN,174.6,,19147
2011,YEAR,COUNTY,IOWA,19,149,NORTHWEST,10,PLYMOUTH,CORN,164.5,,19149
2011,YEAR,COUNTY,IOWA,19,151,NORTHWEST,10,POCAHONTAS,CORN,181.2,,19151
2011,YEAR,COUNTY,IOWA,19,153,CENTRAL,50,POLK,CORN,160.6,,19153
2011,YEAR,COUNTY,IOWA,19,155,SOUTHWEST,70,POTTAWATTAMIE,CORN,170.9,,19155
2011,YEAR,COUNTY,IOWA,19,157,CENTRAL,50,POWESHIEK,CORN,179,,19157
2011,YEAR,COUNTY,IOWA,19,159,SOUTH CENTRAL,80,RINGGOLD,CORN,118.7,,19159
2011,YEAR,COUNTY,IOWA,19,161,WEST CENTRAL,40,SAC,CORN,183.4,,19161
2011,YEAR,COUNTY,IOWA,19,163,EAST CENTRAL,60,SCOTT,CORN,174.2,,19163
2011,YEAR,COUNTY,IOWA,19,165,WEST CENTRAL,40,SHELBY,CORN,173.6,,19165
2011,YEAR,COUNTY,IOWA,19,167,NORTHWEST,10,SIOUX,CORN,177.6,,19167
2011,YEAR,COUNTY,IOWA,19,169,CENTRAL,50,STORY,CORN,163.2,,19169
2011,YEAR,COUNTY,IOWA,19,171,CENTRAL,50,TAMA,CORN,162,,19171
2011,YEAR,COUNTY,IOWA,19,173,SOUTHWEST,70,TAYLOR,CORN,140.5,,19173
2011,YEAR,COUNTY,IOWA,19,175,SOUTH CENTRAL,80,UNION,CORN,132.6,,19175
2011,YEAR,COUNTY,IOWA,19,177,SOUTHEAST,90,VAN BUREN,CORN,100.9,,19177
2011,YEAR,COUNTY,IOWA,19,179,SOUTHEAST,90,WAPELLO,CORN,127.3,,19179
2011,YEAR,COUNTY,IOWA,19,181,SOUTH CENTRAL,80,WARREN,CORN,129.1,,19181
2011,YEAR,COUNTY,IOWA,19,183,SOUTHEAST,90,WASHINGTON,CORN,156.3,,19183
2011,YEAR,COUNTY,IOWA,19,185,SOUTH CENTRAL,80,WAYNE,CORN,126,,19185
2011,YEAR,COUNTY,IOWA,19,187,CENTRAL,50,WEBSTER,CORN,190.6,,19187
2011,YEAR,COUNTY,IOWA,19,189,NORTH CENTRAL,20,WINNEBAGO,CORN,176.6,,19189
2011,YEAR,COUNTY,IOWA,19,191,NORTHEAST,30,WINNESHIEK,CORN,186.2,,19191
2011,YEAR,COUNTY,IOWA,19,193,WEST CENTRAL,40,WOODBURY,CORN,173.3,,19193
2011,YEAR,COUNTY,IOWA,19,195,NORTH CENTRAL,20,WORTH,CORN,173,,19195
2011,YEAR,COUNTY,IOWA,19,197,NORTH CENTRAL,20,WRIGHT,CORN,189.9,,19197
2012,YEAR,COUNTY,IOWA,19,1,SOUTHWEST,70,ADAIR,CORN,104.4,,19001
2012,YEAR,COUNTY,IOWA,19,3,SOUTHWEST,70,ADAMS,CORN,109.8,,19003
2012,YEAR,COUNTY,IOWA,19,5,NORTHEAST,30,ALLAMAKEE,CORN,153.6,,19005
2012,YEAR,COUNTY,IOWA,19,7,SOUTH CENTRAL,80,APPANOOSE,CORN,44.5,,19007
2012,YEAR,COUNTY,IOWA,19,9,WEST CENTRAL,40,AUDUBON,CORN,114.8,,19009
2012,YEAR,COUNTY,IOWA,19,11,EAST CENTRAL,60,BENTON,CORN,129.3,,19011
2012,YEAR,COUNTY,IOWA,19,13,NORTHEAST,30,BLACK HAWK,CORN,126.4,,19013
2012,YEAR,COUNTY,IOWA,19,15,CENTRAL,50,BOONE,CORN,147.1,,19015
2012,YEAR,COUNTY,IOWA,19,17,NORTHEAST,30,BREMER,CORN,133.3,,19017
2012,YEAR,COUNTY,IOWA,19,19,NORTHEAST,30,BUCHANAN,CORN,140.4,,19019
2012,YEAR,COUNTY,IOWA,19,21,NORTHWEST,10,BUENA VISTA,CORN,148.2,,19021
2012,YEAR,COUNTY,IOWA,19,23,NORTH CENTRAL,20,BUTLER,CORN,122,,19023
2012,YEAR,COUNTY,IOWA,19,25,WEST CENTRAL,40,CALHOUN,CORN,134.8,,19025
2012,YEAR,COUNTY,IOWA,19,27,WEST CENTRAL,40,CARROLL,CORN,105.3,,19027
2012,YEAR,COUNTY,IOWA,19,29,SOUTHWEST,70,CASS,CORN,120.4,,19029
2012,YEAR,COUNTY,IOWA,19,31,EAST CENTRAL,60,CEDAR,CORN,158.9,,19031
2012,YEAR,COUNTY,IOWA,19,33,NORTH CENTRAL,20,CERRO GORDO,CORN,124.8,,19033
2012,YEAR,COUNTY,IOWA,19,35,NORTHWEST,10,CHEROKEE,CORN,158.7,,19035
2012,YEAR,COUNTY,IOWA,19,37,NORTHEAST,30,CHICKASAW,CORN,125.8,,19037
2012,YEAR,COUNTY,IOWA,19,39,SOUTH CENTRAL,80,CLARKE,CORN,76.7,,19039
2012,YEAR,COUNTY,IOWA,19,41,NORTHWEST,10,CLAY,CORN,170.1,,19041
2012,YEAR,COUNTY,IOWA,19,43,NORTHEAST,30,CLAYTON,CORN,152.9,,19043
2012,YEAR,COUNTY,IOWA,19,45,EAST CENTRAL,60,CLINTON,CORN,139.6,,19045
2012,YEAR,COUNTY,IOWA,19,47,WEST CENTRAL,40,CRAWFORD,CORN,131.3,,19047
2012,YEAR,COUNTY,IOWA,19,49,CENTRAL,50,DALLAS,CORN,129,,19049
2012,YEAR,COUNTY,IOWA,19,51,SOUTHEAST,90,DAVIS,CORN,52.4,,19051
2012,YEAR,COUNTY,IOWA,19,53,SOUTH CENTRAL,80,DECATUR,CORN,61.2,,19053
2012,YEAR,COUNTY,IOWA,19,55,NORTHEAST,30,DELAWARE,CORN,129.8,,19055
2012,YEAR,COUNTY,IOWA,19,57,SOUTHEAST,90,DES MOINES,CORN,143.7,,19057
2012,YEAR,COUNTY,IOWA,19,59,NORTHWEST,10,DICKINSON,CORN,160.9,,19059
2012,YEAR,COUNTY,IOWA,19,61,NORTHEAST,30,DUBUQUE,CORN,149.4,,19061
2012,YEAR,COUNTY,IOWA,19,63,NORTHWEST,10,EMMET,CORN,166.6,,19063
2012,YEAR,COUNTY,IOWA,19,65,NORTHEAST,30,FAYETTE,CORN,151,,19065
2012,YEAR,COUNTY,IOWA,19,67,NORTH CENTRAL,20,FLOYD,CORN,123.2,,19067
2012,YEAR,COUNTY,IOWA,19,69,NORTH CENTRAL,20,FRANKLIN,CORN,150,,19069
2012,YEAR,COUNTY,IOWA,19,71,SOUTHWEST,70,FREMONT,CORN,131.2,,19071
2012,YEAR,COUNTY,IOWA,19,73,WEST CENTRAL,40,GREENE,CORN,124.6,,19073
2012,YEAR,COUNTY,IOWA,19,75,CENTRAL,50,GRUNDY,CORN,161.5,,19075
2012,YEAR,COUNTY,IOWA,19,77,WEST CENTRAL,40,GUTHRIE,CORN,113.4,,19077
2012,YEAR,COUNTY,IOWA,19,79,CENTRAL,50,HAMILTON,CORN,138,,19079
2012,YEAR,COUNTY,IOWA,19,81,NORTH CENTRAL,20,HANCOCK,CORN,143.3,,19081
2012,YEAR,COUNTY,IOWA,19,83,CENTRAL,50,HARDIN,CORN,163.6,,19083
2012,YEAR,COUNTY,IOWA,19,85,WEST CENTRAL,40,HARRISON,CORN,130.9,,19085
2012,YEAR,COUNTY,IOWA,19,87,SOUTHEAST,90,HENRY,CORN,132,,19087
2012,YEAR,COUNTY,IOWA,19,89,NORTHEAST,30,HOWARD,CORN,137.8,,19089
2012,YEAR,COUNTY,IOWA,19,91,NORTH CENTRAL,20,HUMBOLDT,CORN,146.1,,19091
2012,YEAR,COUNTY,IOWA,19,93,WEST CENTRAL,40,IDA,CORN,151.4,,19093
2012,YEAR,COUNTY,IOWA,19,95,EAST CENTRAL,60,IOWA,CORN,135.7,,19095
2012,YEAR,COUNTY,IOWA,19,97,EAST CENTRAL,60,JACKSON,CORN,114.6,,19097
2012,YEAR,COUNTY,IOWA,19,99,CENTRAL,50,JASPER,CORN,150.9,,19099
2012,YEAR,COUNTY,IOWA,19,101,SOUTHEAST,90,JEFFERSON,CORN,102.8,,19101
2012,YEAR,COUNTY,IOWA,19,103,EAST CENTRAL,60,JOHNSON,CORN,132.4,,19103
2012,YEAR,COUNTY,IOWA,19,105,EAST CENTRAL,60,JONES,CORN,127.3,,19105
2012,YEAR,COUNTY,IOWA,19,107,SOUTHEAST,90,KEOKUK,CORN,113,,19107
2012,YEAR,COUNTY,IOWA,19,109,NORTH CENTRAL,20,KOSSUTH,CORN,164.6,,19109
2012,YEAR,COUNTY,IOWA,19,111,SOUTHEAST,90,LEE,CORN,116,,19111
2012,YEAR,COUNTY,IOWA,19,113,EAST CENTRAL,60,LINN,CORN,124.2,,19113
2012,YEAR,COUNTY,IOWA,19,115,SOUTHEAST,90,LOUISA,CORN,162.9,,19115
2012,YEAR,COUNTY,IOWA,19,117,SOUTH CENTRAL,80,LUCAS,CORN,85.3,,19117
2012,YEAR,COUNTY,IOWA,19,119,NORTHWEST,10,LYON,CORN,161.6,,19119
2012,YEAR,COUNTY,IOWA,19,121,SOUTH CENTRAL,80,MADISON,CORN,101.4,,19121
2012,YEAR,COUNTY,IOWA,19,123,SOUTHEAST,90,MAHASKA,CORN,133,,19123
2012,YEAR,COUNTY,IOWA,19,125,SOUTH CENTRAL,80,MARION,CORN,115.1,,19125
2012,YEAR,COUNTY,IOWA,19,127,CENTRAL,50,MARSHALL,CORN,157.6,,19127
2012,YEAR,COUNTY,IOWA,19,129,SOUTHWEST,70,MILLS,CORN,128.8,,19129
2012,YEAR,COUNTY,IOWA,19,131,NORTH CENTRAL,20,MITCHELL,CORN,131.4,,19131
2012,YEAR,COUNTY,IOWA,19,133,WEST CENTRAL,40,MONONA,CORN,115.1,,19133
2012,YEAR,COUNTY,IOWA,19,135,SOUTH CENTRAL,80,MONROE,CORN,67.3,,19135
2012,YEAR,COUNTY,IOWA,19,137,SOUTHWEST,70,MONTGOMERY,CORN,132,,19137
2012,YEAR,COUNTY,IOWA,19,139,EAST CENTRAL,60,MUSCATINE,CORN,152.6,,19139
2012,YEAR,COUNTY,IOWA,19,141,NORTHWEST,10,O BRIEN,CORN,159.8,,19141
2012,YEAR,COUNTY,IOWA,19,143,NORTHWEST,10,OSCEOLA,CORN,169.6,,19143
2012,YEAR,COUNTY,IOWA,19,145,SOUTHWEST,70,PAGE,CORN,116.2,,19145
2012,YEAR,COUNTY,IOWA,19,147,NORTHWEST,10,PALO ALTO,CORN,170.6,,19147
2012,YEAR,COUNTY,IOWA,19,149,NORTHWEST,10,PLYMOUTH,CORN,110.1,,19149
2012,YEAR,COUNTY,IOWA,19,151,NORTHWEST,10,POCAHONTAS,CORN,165.3,,19151
2012,YEAR,COUNTY,IOWA,19,153,CENTRAL,50,POLK,CORN,149.1,,19153
2012,YEAR,COUNTY,IOWA,19,155,SOUTHWEST,70,POTTAWATTAMIE,CORN,131.9,,19155
2012,YEAR,COUNTY,IOWA,19,157,CENTRAL,50,POWESHIEK,CORN,152.3,,19157
2012,YEAR,COUNTY,IOWA,19,159,SOUTH CENTRAL,80,RINGGOLD,CORN,71.6,,19159
2012,YEAR,COUNTY,IOWA,19,161,WEST CENTRAL,40,SAC,CORN,130.7,,19161
2012,YEAR,COUNTY,IOWA,19,163,EAST CENTRAL,60,SCOTT,CORN,131.7,,19163
2012,YEAR,COUNTY,IOWA,19,165,WEST CENTRAL,40,SHELBY,CORN,137.8,,19165
2012,YEAR,COUNTY,IOWA,19,167,NORTHWEST,10,SIOUX,CORN,143.2,,19167
2012,YEAR,COUNTY,IOWA,19,169,CENTRAL,50,STORY,CORN,157.6,,19169
2012,YEAR,COUNTY,IOWA,19,171,CENTRAL,50,TAMA,CORN,160.2,,19171
2012,YEAR,COUNTY,IOWA,19,173,SOUTHWEST,70,TAYLOR,CORN,91.7,,19173
2012,YEAR,COUNTY,IOWA,19,175,SOUTH CENTRAL,80,UNION,CORN,87.3,,19175
2012,YEAR,COUNTY,IOWA,19,177,SOUTHEAST,90,VAN BUREN,CORN,110.3,,19177
2012,YEAR,COUNTY,IOWA,19,179,SOUTHEAST,90,WAPELLO,CORN,92.6,,19179
2012,YEAR,COUNTY,IOWA,19,181,SOUTH CENTRAL,80,WARREN,CORN,103.5,,19181
2012,YEAR,COUNTY,IOWA,19,183,SOUTHEAST,90,WASHINGTON,CORN,132.1,,19183
2012,YEAR,COUNTY,IOWA,19,185,SOUTH CENTRAL,80,WAYNE,CORN,55.7,,19185
2012,YEAR,COUNTY,IOWA,19,187,CENTRAL,50,WEBSTER,CORN,149.2,,19187
2012,YEAR,COUNTY,IOWA,19,189,NORTH CENTRAL,20,WINNEBAGO,CORN,161.1,,19189
2012,YEAR,COUNTY,IOWA,19,191,NORTHEAST,30,WINNESHIEK,CORN,140.6,,19191
2012,YEAR,COUNTY,IOWA,19,193,WEST CENTRAL,40,WOODBURY,CORN,134.8,,19193
2012,YEAR,COUNTY,IOWA,19,195,NORTH CENTRAL,20,WORTH,CORN,143.1,,19195
2012,YEAR,COUNTY,IOWA,19,197,NORTH CENTRAL,20,WRIGHT,CORN,153.7,,19197
2013,YEAR,COUNTY,IOWA,19,1,SOUTHWEST,70,ADAIR,CORN,137.8,,19001
2013,YEAR,COUNTY,IOWA,19,3,SOUTHWEST,70,ADAMS,CORN,147.6,,19003
2013,YEAR,COUNTY,IOWA,19,5,NORTHEAST,30,ALLAMAKEE,CORN,162.1,,19005
2013,YEAR,COUNTY,IOWA,19,7,SOUTH CENTRAL,80,APPANOOSE,CORN,109.1,,19007
2013,YEAR,COUNTY,IOWA,19,9,WEST CENTRAL,40,AUDUBON,CORN,157.1,,19009
2013,YEAR,COUNTY,IOWA,19,11,EAST CENTRAL,60,BENTON,CORN,163.7,,19011
2013,YEAR,COUNTY,IOWA,19,13,NORTHEAST,30,BLACK HAWK,CORN,166.1,,19013
2013,YEAR,COUNTY,IOWA,19,15,CENTRAL,50,BOONE,CORN,154.2,,19015
2013,YEAR,COUNTY,IOWA,19,17,NORTHEAST,30,BREMER,CORN,175.1,,19017
2013,YEAR,COUNTY,IOWA,19,19,NORTHEAST,30,BUCHANAN,CORN,168.8,,19019
2013,YEAR,COUNTY,IOWA,19,21,NORTHWEST,10,BUENA VISTA,CORN,160.5,,19021
2013,YEAR,COUNTY,IOWA,19,23,NORTH CENTRAL,20,BUTLER,CORN,179.2,,19023
2013,YEAR,COUNTY,IOWA,19,25,WEST CENTRAL,40,CALHOUN,CORN,132.6,,19025
2013,YEAR,COUNTY,IOWA,19,27,WEST CENTRAL,40,CARROLL,CORN,136.5,,19027
2013,YEAR,COUNTY,IOWA,19,29,SOUTHWEST,70,CASS,CORN,159.5,,19029
2013,YEAR,COUNTY,IOWA,19,31,EAST CENTRAL,60,CEDAR,CORN,169.7,,19031
2013,YEAR,COUNTY,IOWA,19,33,NORTH CENTRAL,20,CERRO GORDO,CORN,163.1,,19033
2013,YEAR,COUNTY,IOWA,19,35,NORTHWEST,10,CHEROKEE,CORN,185.1,,19035
2013,YEAR,COUNTY,IOWA,19,37,NORTHEAST,30,CHICKASAW,CORN,171.8,,19037
2013,YEAR,COUNTY,IOWA,19,39,SOUTH CENTRAL,80,CLARKE,CORN,126.5,,19039
2013,YEAR,COUNTY,IOWA,19,41,NORTHWEST,10,CLAY,CORN,167.2,,19041
2013,YEAR,COUNTY,IOWA,19,43,NORTHEAST,30,CLAYTON,CORN,181.2,,19043
2013,YEAR,COUNTY,IOWA,19,45,EAST CENTRAL,60,CLINTON,CORN,185.6,,19045
2013,YEAR,COUNTY,IOWA,19,47,WEST CENTRAL,40,CRAWFORD,CORN,157.8,,19047
2013,YEAR,COUNTY,IOWA,19,49,CENTRAL,50,DALLAS,CORN,145.3,,19049
2013,YEAR,COUNTY,IOWA,19,51,SOUTHEAST,90,DAVIS,CORN,146.7,,19051
2013,YEAR,COUNTY,IOWA,19,53,SOUTH CENTRAL,80,DECATUR,CORN,131.2,,19053
2013,YEAR,COUNTY,IOWA,19,55,NORTHEAST,30,DELAWARE,CORN,184.7,,19055
2013,YEAR,COUNTY,IOWA,19,57,SOUTHEAST,90,DES MOINES,CORN,165.4,,19057
2013,YEAR,COUNTY,IOWA,19,59,NORTHWEST,10,DICKINSON,CORN,162.4,,19059
2013,YEAR,COUNTY,IOWA,19,61,NORTHEAST,30,DUBUQUE,CORN,196,,19061
2013,YEAR,COUNTY,IOWA,19,63,NORTHWEST,10,EMMET,CORN,166.4,,19063
2013,YEAR,COUNTY,IOWA,19,65,NORTHEAST,30,FAYETTE,CORN,181.2,,19065
2013,YEAR,COUNTY,IOWA,19,67,NORTH CENTRAL,20,FLOYD,CORN,170,,19067
2013,YEAR,COUNTY,IOWA,19,69,NORTH CENTRAL,20,FRANKLIN,CORN,179.6,,19069
2013,YEAR,COUNTY,IOWA,19,71,SOUTHWEST,70,FREMONT,CORN,159.9,,19071
2013,YEAR,COUNTY,IOWA,19,73,WEST CENTRAL,40,GREENE,CORN,137.9,,19073
2013,YEAR,COUNTY,IOWA,19,75,CENTRAL,50,GRUNDY,CORN,180.8,,19075
2013,YEAR,COUNTY,IOWA,19,77,WEST CENTRAL,40,GUTHRIE,CORN,130.1,,19077
2013,YEAR,COUNTY,IOWA,19,79,CENTRAL,50,HAMILTON,CORN,135,,19079
2013,YEAR,COUNTY,IOWA,19,81,NORTH CENTRAL,20,HANCOCK,CORN,169.9,,19081
2013,YEAR,COUNTY,IOWA,19,83,CENTRAL,50,HARDIN,CORN,156.6,,19083
2013,YEAR,COUNTY,IOWA,19,85,WEST CENTRAL,40,HARRISON,CORN,177.1,,19085
2013,YEAR,COUNTY,IOWA,19,87,SOUTHEAST,90,HENRY,CORN,160.4,,19087
2013,YEAR,COUNTY,IOWA,19,89,NORTHEAST,30,HOWARD,CORN,159.1,,19089
2013,YEAR,COUNTY,IOWA,19,91,NORTH CENTRAL,20,HUMBOLDT,CORN,155.4,,19091
2013,YEAR,COUNTY,IOWA,19,93,WEST CENTRAL,40,IDA,CORN,177.7,,19093
2013,YEAR,COUNTY,IOWA,19,95,EAST CENTRAL,60,IOWA,CORN,165.9,,19095
2013,YEAR,COUNTY,IOWA,19,97,EAST CENTRAL,60,JACKSON,CORN,173.2,,19097
2013,YEAR,COUNTY,IOWA,19,99,CENTRAL,50,JASPER,CORN,158.8,,19099
2013,YEAR,COUNTY,IOWA,19,101,SOUTHEAST,90,JEFFERSON,CORN,145.5,,19101
2013,YEAR,COUNTY,IOWA,19,103,EAST CENTRAL,60,JOHNSON,CORN,181.1,,19103
2013,YEAR,COUNTY,IOWA,19,105,EAST CENTRAL,60,JONES,CORN,179.3,,19105
2013,YEAR,COUNTY,IOWA,19,107,SOUTHEAST,90,KEOKUK,CORN,156.7,,19107
2013,YEAR,COUNTY,IOWA,19,109,NORTH CENTRAL,20,KOSSUTH,CORN,167.7,,19109
2013,YEAR,COUNTY,IOWA,19,111,SOUTHEAST,90,LEE,CORN,144.1,,19111
2013,YEAR,COUNTY,IOWA,19,113,EAST CENTRAL,60,LINN,CORN,178.6,,19113
2013,YEAR,COUNTY,IOWA,19,115,SOUTHEAST,90,LOUISA,CORN,158.5,,19115
2013,YEAR,COUNTY,IOWA,19,117,SOUTH CENTRAL,80,LUCAS,CORN,117.9,,19117
2013,YEAR,COUNTY,IOWA,19,119,NORTHWEST,10,LYON,CORN,190.5,,19119
2013,YEAR,COUNTY,IOWA,19,121,SOUTH CENTRAL,80,MADISON,CORN,140.9,,19121
2013,YEAR,COUNTY,IOWA,19,123,SOUTHEAST,90,MAHASKA,CORN,168.6,,19123
2013,YEAR,COUNTY,IOWA,19,125,SOUTH CENTRAL,80,MARION,CORN,156.4,,19125
2013,YEAR,COUNTY,IOWA,19,127,CENTRAL,50,MARSHALL,CORN,163.2,,19127
2013,YEAR,COUNTY,IOWA,19,129,SOUTHWEST,70,MILLS,CORN,171,,19129
2013,YEAR,COUNTY,IOWA,19,131,NORTH CENTRAL,20,MITCHELL,CORN,164.1,,19131
2013,YEAR,COUNTY,IOWA,19,133,WEST CENTRAL,40,MONONA,CORN,175.2,,19133
2013,YEAR,COUNTY,IOWA,19,135,SOUTH CENTRAL,80,MONROE,CORN,115.3,,19135
2013,YEAR,COUNTY,IOWA,19,137,SOUTHWEST,70,MONTGOMERY,CORN,154,,19137
2013,YEAR,COUNTY,IOWA,19,139,EAST CENTRAL,60,MUSCATINE,CORN,158.3,,19139
2013,YEAR,COUNTY,IOWA,19,141,NORTHWEST,10,O BRIEN,CORN,195.3,,19141
2013,YEAR,COUNTY,IOWA,19,143,NORTHWEST,10,OSCEOLA,CORN,182,,19143
2013,YEAR,COUNTY,IOWA,19,145,SOUTHWEST,70,PAGE,CORN,154.5,,19145
2013,YEAR,COUNTY,IOWA,19,147,NORTHWEST,10,PALO ALTO,CORN,168.8,,19147
2013,YEAR,COUNTY,IOWA,19,149,NORTHWEST,10,PLYMOUTH,CORN,188.9,,19149
2013,YEAR,COUNTY,IOWA,19,151,NORTHWEST,10,POCAHONTAS,CORN,163.8,,19151
2013,YEAR,COUNTY,IOWA,19,153,CENTRAL,50,POLK,CORN,143.6,,19153
2013,YEAR,COUNTY,IOWA,19,155,SOUTHWEST,70,POTTAWATTAMIE,CORN,179.4,,19155
2013,YEAR,COUNTY,IOWA,19,157,CENTRAL,50,POWESHIEK,CORN,158.5,,19157
2013,YEAR,COUNTY,IOWA,19,159,SOUTH CENTRAL,80,RINGGOLD,CORN,121.1,,19159
2013,YEAR,COUNTY,IOWA,19,161,WEST CENTRAL,40,SAC,CORN,142.6,,19161
2013,YEAR,COUNTY,IOWA,19,163,EAST CENTRAL,60,SCOTT,CORN,167.8,,19163
2013,YEAR,COUNTY,IOWA,19,165,WEST CENTRAL,40,SHELBY,CORN,182.6,,19165
2013,YEAR,COUNTY,IOWA,19,167,NORTHWEST,10,SIOUX,CORN,194.1,,19167
2013,YEAR,COUNTY,IOWA,19,169,CENTRAL,50,STORY,CORN,137.2,,19169
2013,YEAR,COUNTY,IOWA,19,171,CENTRAL,50,TAMA,CORN,158.7,,19171
2013,YEAR,COUNTY,IOWA,19,173,SOUTHWEST,70,TAYLOR,CORN,136.2,,19173
2013,YEAR,COUNTY,IOWA,19,175,SOUTH CENTRAL,80,UNION,CORN,137,,19175
2013,YEAR,COUNTY,IOWA,19,177,SOUTHEAST,90,VAN BUREN,CORN,144.1,,19177
2013,YEAR,COUNTY,IOWA,19,179,SOUTHEAST,90,WAPELLO,CORN,150.4,,19179
2013,YEAR,COUNTY,IOWA,19,181,SOUTH CENTRAL,80,WARREN,CORN,146.7,,19181
2013,YEAR,COUNTY,IOWA,19,183,SOUTHEAST,90,WASHINGTON,CORN,159,,19183
2013,YEAR,COUNTY,IOWA,19,185,SOUTH CENTRAL,80,WAYNE,CORN,125.1,,19185
2013,YEAR,COUNTY,IOWA,19,187,CENTRAL,50,WEBSTER,CORN,137.6,,19187
2013,YEAR,COUNTY,IOWA,19,189,NORTH CENTRAL,20,WINNEBAGO,CORN,149.1,,19189
2013,YEAR,COUNTY,IOWA,19,191,NORTHEAST,30,WINNESHIEK,CORN,181.8,,19191
2013,YEAR,COUNTY,IOWA,19,193,WEST CENTRAL,40,WOODBURY,CORN,164.2,,19193
2013,YEAR,COUNTY,IOWA,19,195,NORTH CENTRAL,20,WORTH,CORN,150.7,,19195
2013,YEAR,COUNTY,IOWA,19,197,NORTH CENTRAL,20,WRIGHT,CORN,168.8,,19197
2014,YEAR,COUNTY,IOWA,19,1,SOUTHWEST,70,ADAIR,CORN,169.3,,19001
2014,YEAR,COUNTY,IOWA,19,3,SOUTHWEST,70,ADAMS,CORN,169.9,,19003
2014,YEAR,COUNTY,IOWA,19,5,NORTHEAST,30,ALLAMAKEE,CORN,175.6,,19005
2014,YEAR,COUNTY,IOWA,19,7,SOUTH CENTRAL,80,APPANOOSE,CORN,170.9,,19007
2014,YEAR,COUNTY,IOWA,19,9,WEST CENTRAL,40,AUDUBON,CORN,185.5,,19009
2014,YEAR,COUNTY,IOWA,19,11,EAST CENTRAL,60,BENTON,CORN,185.4,,19011
2014,YEAR,COUNTY,IOWA,19,13,NORTHEAST,30,BLACK HAWK,CORN,165.2,,19013
2014,YEAR,COUNTY,IOWA,19,15,CENTRAL,50,BOONE,CORN,180.9,,19015
2014,YEAR,COUNTY,IOWA,19,17,NORTHEAST,30,BREMER,CORN,159,,19017
2014,YEAR,COUNTY,IOWA,19,19,NORTHEAST,30,BUCHANAN,CORN,169.3,,19019
2014,YEAR,COUNTY,IOWA,19,21,NORTHWEST,10,BUENA VISTA,CORN,172.1,,19021
2014,YEAR,COUNTY,IOWA,19,23,NORTH CENTRAL,20,BUTLER,CORN,167.7,,19023
2014,YEAR,COUNTY,IOWA,19,25,WEST CENTRAL,40,CALHOUN,CORN,189.6,,19025
2014,YEAR,COUNTY,IOWA,19,27,WEST CENTRAL,40,CARROLL,CORN,188.6,,19027
2014,YEAR,COUNTY,IOWA,19,29,SOUTHWEST,70,CASS,CORN,173.7,,19029
2014,YEAR,COUNTY,IOWA,19,31,EAST CENTRAL,60,CEDAR,CORN,184.1,,19031
2014,YEAR,COUNTY,IOWA,19,33,NORTH CENTRAL,20,CERRO GORDO,CORN,168.3,,19033
2014,YEAR,COUNTY,IOWA,19,35,NORTHWEST,10,CHEROKEE,CORN,183.6,,19035
2014,YEAR,COUNTY,IOWA,19,37,NORTHEAST,30,CHICKASAW,CORN,157.6,,19037
2014,YEAR,COUNTY,IOWA,19,39,SOUTH CENTRAL,80,CLARKE,CORN,162.2,,19039
2014,YEAR,COUNTY,IOWA,19,41,NORTHWEST,10,CLAY,CORN,166.3,,19041
2014,YEAR,COUNTY,IOWA,19,43,NORTHEAST,30,CLAYTON,CORN,176.7,,19043
2014,YEAR,COUNTY,IOWA,19,45,EAST CENTRAL,60,CLINTON,CORN,197,,19045
2014,YEAR,COUNTY,IOWA,19,47,WEST CENTRAL,40,CRAWFORD,CORN,183,,19047
2014,YEAR,COUNTY,IOWA,19,49,CENTRAL,50,DALLAS,CORN,195.5,,19049
2014,YEAR,COUNTY,IOWA,19,51,SOUTHEAST,90,DAVIS,CORN,184.2,,19051
2014,YEAR,COUNTY,IOWA,19,53,SOUTH CENTRAL,80,DECATUR,CORN,164,,19053
2014,YEAR,COUNTY,IOWA,19,55,NORTHEAST,30,DELAWARE,CORN,174.9,,19055
2014,YEAR,COUNTY,IOWA,19,57,SOUTHEAST,90,DES MOINES,CORN,199,,19057
2014,YEAR,COUNTY,IOWA,19,59,NORTHWEST,10,DICKINSON,CORN,157.9,,19059
2014,YEAR,COUNTY,IOWA,19,61,NORTHEAST,30,DUBUQUE,CORN,184.9,,19061
2014,YEAR,COUNTY,IOWA,19,63,NORTHWEST,10,EMMET,CORN,165,,19063
2014,YEAR,COUNTY,IOWA,19,65,NORTHEAST,30,FAYETTE,CORN,170.9,,19065
2014,YEAR,COUNTY,IOWA,19,67,NORTH CENTRAL,20,FLOYD,CORN,162.8,,19067
2014,YEAR,COUNTY,IOWA,19,69,NORTH CENTRAL,20,FRANKLIN,CORN,165.8,,19069
2014,YEAR,COUNTY,IOWA,19,71,SOUTHWEST,70,FREMONT,CORN,191.5,,19071
2014,YEAR,COUNTY,IOWA,19,73,WEST CENTRAL,40,GREENE,CORN,181.2,,19073
2014,YEAR,COUNTY,IOWA,19,75,CENTRAL,50,GRUNDY,CORN,182.4,,19075
2014,YEAR,COUNTY,IOWA,19,77,WEST CENTRAL,40,GUTHRIE,CORN,176.1,,19077
2014,YEAR,COUNTY,IOWA,19,79,CENTRAL,50,HAMILTON,CORN,173.1,,19079
2014,YEAR,COUNTY,IOWA,19,81,NORTH CENTRAL,20,HANCOCK,CORN,173.9,,19081
2014,YEAR,COUNTY,IOWA,19,83,CENTRAL,50,HARDIN,CORN,166.3,,19083
2014,YEAR,COUNTY,IOWA,19,85,WEST CENTRAL,40,HARRISON,CORN,161.1,,19085
2014,YEAR,COUNTY,IOWA,19,87,SOUTHEAST,90,HENRY,CORN,196.6,,19087
2014,YEAR,COUNTY,IOWA,19,89,NORTHEAST,30,HOWARD,CORN,164.4,,19089
2014,YEAR,COUNTY,IOWA,19,91,NORTH CENTRAL,20,HUMBOLDT,CORN,176.9,,19091
2014,YEAR,COUNTY,IOWA,19,93,WEST CENTRAL,40,IDA,CORN,189.9,,19093
2014,YEAR,COUNTY,IOWA,19,95,EAST CENTRAL,60,IOWA,CORN,192.1,,19095
2014,YEAR,COUNTY,IOWA,19,97,EAST CENTRAL,60,JACKSON,CORN,188.9,,19097
2014,YEAR,COUNTY,IOWA,19,99,CENTRAL,50,JASPER,CORN,191.5,,19099
2014,YEAR,COUNTY,IOWA,19,101,SOUTHEAST,90,JEFFERSON,CORN,200.9,,19101
2014,YEAR,COUNTY,IOWA,19,103,EAST CENTRAL,60,JOHNSON,CORN,184.6,,19103
2014,YEAR,COUNTY,IOWA,19,105,EAST CENTRAL,60,JONES,CORN,180.1,,19105
2014,YEAR,COUNTY,IOWA,19,107,SOUTHEAST,90,KEOKUK,CORN,193.2,,19107
2014,YEAR,COUNTY,IOWA,19,109,NORTH CENTRAL,20,KOSSUTH,CORN,176.6,,19109
2014,YEAR,COUNTY,IOWA,19,111,SOUTHEAST,90,LEE,CORN,200.6,,19111
2014,YEAR,COUNTY,IOWA,19,113,EAST CENTRAL,60,LINN,CORN,176.1,,19113
2014,YEAR,COUNTY,IOWA,19,115,SOUTHEAST,90,LOUISA,CORN,188.2,,19115
2014,YEAR,COUNTY,IOWA,19,117,SOUTH CENTRAL,80,LUCAS,CORN,153.7,,19117
2014,YEAR,COUNTY,IOWA,19,119,NORTHWEST,10,LYON,CORN,172.9,,19119
2014,YEAR,COUNTY,IOWA,19,121,SOUTH CENTRAL,80,MADISON,CORN,171.4,,19121
2014,YEAR,COUNTY,IOWA,19,123,SOUTHEAST,90,MAHASKA,CORN,189.9,,19123
2014,YEAR,COUNTY,IOWA,19,125,SOUTH CENTRAL,80,MARION,CORN,171.6,,19125
2014,YEAR,COUNTY,IOWA,19,127,CENTRAL,50,MARSHALL,CORN,190.5,,19127
2014,YEAR,COUNTY,IOWA,19,129,SOUTHWEST,70,MILLS,CORN,184.9,,19129
2014,YEAR,COUNTY,IOWA,19,131,NORTH CENTRAL,20,MITCHELL,CORN,175.1,,19131
2014,YEAR,COUNTY,IOWA,19,133,WEST CENTRAL,40,MONONA,CORN,156.6,,19133
2014,YEAR,COUNTY,IOWA,19,135,SOUTH CENTRAL,80,MONROE,CORN,175.7,,19135
2014,YEAR,COUNTY,IOWA,19,137,SOUTHWEST,70,MONTGOMERY,CORN,163.1,,19137
2014,YEAR,COUNTY,IOWA,19,139,EAST CENTRAL,60,MUSCATINE,CORN,188.1,,19139
2014,YEAR,COUNTY,IOWA,19,141,NORTHWEST,10,O BRIEN,CORN,180.3,,19141
2014,YEAR,COUNTY,IOWA,19,143,NORTHWEST,10,OSCEOLA,CORN,175.4,,19143
2014,YEAR,COUNTY,IOWA,19,145,SOUTHWEST,70,PAGE,CORN,182.4,,19145
2014,YEAR,COUNTY,IOWA,19,147,NORTHWEST,10,PALO ALTO,CORN,164.6,,19147
2014,YEAR,COUNTY,IOWA,19,149,NORTHWEST,10,PLYMOUTH,CORN,187.3,,19149
2014,YEAR,COUNTY,IOWA,19,151,NORTHWEST,10,POCAHONTAS,CORN,174.8,,19151
2014,YEAR,COUNTY,IOWA,19,153,CENTRAL,50,POLK,CORN,181.4,,19153
2014,YEAR,COUNTY,IOWA,19,155,SOUTHWEST,70,POTTAWATTAMIE,CORN,169.1,,19155
2014,YEAR,COUNTY,IOWA,19,157,CENTRAL,50,POWESHIEK,CORN,188.4,,19157
2014,YEAR,COUNTY,IOWA,19,159,SOUTH CENTRAL,80,RINGGOLD,CORN,166.4,,19159
2014,YEAR,COUNTY,IOWA,19,161,WEST CENTRAL,40,SAC,CORN,179.8,,19161
2014,YEAR,COUNTY,IOWA,19,163,EAST CENTRAL,60,SCOTT,CORN,194.5,,19163
2014,YEAR,COUNTY,IOWA,19,165,WEST CENTRAL,40,SHELBY,CORN,185.2,,19165
2014,YEAR,COUNTY,IOWA,19,167,NORTHWEST,10,SIOUX,CORN,187.4,,19167
2014,YEAR,COUNTY,IOWA,19,169,CENTRAL,50,STORY,CORN,169.9,,19169
2014,YEAR,COUNTY,IOWA,19,171,CENTRAL,50,TAMA,CORN,182.7,,19171
2014,YEAR,COUNTY,IOWA,19,173,SOUTHWEST,70,TAYLOR,CORN,178.8,,19173
2014,YEAR,COUNTY,IOWA,19,175,SOUTH CENTRAL,80,UNION,CORN,176.1,,19175
2014,YEAR,COUNTY,IOWA,19,177,SOUTHEAST,90,VAN BUREN,CORN,192.2,,19177
2014,YEAR,COUNTY,IOWA,19,179,SOUTHEAST,90,WAPELLO,CORN,195.2,,19179
2014,YEAR,COUNTY,IOWA,19,181,SOUTH CENTRAL,80,WARREN,CORN,169.9,,19181
2014,YEAR,COUNTY,IOWA,19,183,SOUTHEAST,90,WASHINGTON,CORN,191.3,,19183
2014,YEAR,COUNTY,IOWA,19,185,SOUTH CENTRAL,80,WAYNE,CORN,171.9,,19185
2014,YEAR,COUNTY,IOWA,19,187,CENTRAL,50,WEBSTER,CORN,190,,19187
2014,YEAR,COUNTY,IOWA,19,189,NORTH CENTRAL,20,WINNEBAGO,CORN,172.7,,19189
2014,YEAR,COUNTY,IOWA,19,191,NORTHEAST,30,WINNESHIEK,CORN,174,,19191
2014,YEAR,COUNTY,IOWA,19,193,WEST CENTRAL,40,WOODBURY,CORN,177.5,,19193
2014,YEAR,COUNTY,IOWA,19,195,NORTH CENTRAL,20,WORTH,CORN,181.5,,19195
2014,YEAR,COUNTY,IOWA,19,197,NORTH CENTRAL,20,WRIGHT,CORN,169.4,,19197
2015,YEAR,COUNTY,IOWA,19,1,SOUTHWEST,70,ADAIR,CORN,176.5,,19001
2015,YEAR,COUNTY,IOWA,19,3,SOUTHWEST,70,ADAMS,CORN,169.6,,19003
2015,YEAR,COUNTY,IOWA,19,5,NORTHEAST,30,ALLAMAKEE,CORN,175.4,,19005
2015,YEAR,COUNTY,IOWA,19,7,SOUTH CENTRAL,80,APPANOOSE,CORN,154.3,,19007
2015,YEAR,COUNTY,IOWA,19,9,WEST CENTRAL,40,AUDUBON,CORN,189.8,,19009
2015,YEAR,COUNTY,IOWA,19,11,EAST CENTRAL,60,BENTON,CORN,187.5,,19011
2015,YEAR,COUNTY,IOWA,19,13,NORTHEAST,30,BLACK HAWK,CORN,192.9,,19013
2015,YEAR,COUNTY,IOWA,19,15,CENTRAL,50,BOONE,CORN,192.3,,19015
2015,YEAR,COUNTY,IOWA,19,17,NORTHEAST,30,BREMER,CORN,203.1,,19017
2015,YEAR,COUNTY,IOWA,19,19,NORTHEAST,30,BUCHANAN,CORN,191.6,,19019
2015,YEAR,COUNTY,IOWA,19,21,NORTHWEST,10,BUENA VISTA,CORN,202.7,,19021
2015,YEAR,COUNTY,IOWA,19,23,NORTH CENTRAL,20,BUTLER,CORN,193.3,,19023
2015,YEAR,COUNTY,IOWA,19,25,WEST CENTRAL,40,CALHOUN,CORN,194.7,,19025
2015,YEAR,COUNTY,IOWA,19,27,WEST CENTRAL,40,CARROLL,CORN,195.4,,19027
2015,YEAR,COUNTY,IOWA,19,29,SOUTHWEST,70,CASS,CORN,193.7,,19029
2015,YEAR,COUNTY,IOWA,19,31,EAST CENTRAL,60,CEDAR,CORN,188.8,,19031
2015,YEAR,COUNTY,IOWA,19,33,NORTH CENTRAL,20,CERRO GORDO,CORN,196.9,,19033
2015,YEAR,COUNTY,IOWA,19,35,NORTHWEST,10,CHEROKEE,CORN,209.6,,19035
2015,YEAR,COUNTY,IOWA,19,37,NORTHEAST,30,CHICKASAW,CORN,202.8,,19037
2015,YEAR,COUNTY,IOWA,19,39,SOUTH CENTRAL,80,CLARKE,CORN,152.4,,19039
2015,YEAR,COUNTY,IOWA,19,41,NORTHWEST,10,CLAY,CORN,202.8,,19041
2015,YEAR,COUNTY,IOWA,19,43,NORTHEAST,30,CLAYTON,CORN,193.2,,19043
2015,YEAR,COUNTY,IOWA,19,45,EAST CENTRAL,60,CLINTON,CORN,188.2,,19045
2015,YEAR,COUNTY,IOWA,19,47,WEST CENTRAL,40,CRAWFORD,CORN,199.1,,19047
2015,YEAR,COUNTY,IOWA,19,49,CENTRAL,50,DALLAS,CORN,182.4,,19049
2015,YEAR,COUNTY,IOWA,19,51,SOUTHEAST,90,DAVIS,CORN,142.4,,19051
2015,YEAR,COUNTY,IOWA,19,53,SOUTH CENTRAL,80,DECATUR,CORN,162.7,,19053
2015,YEAR,COUNTY,IOWA,19,55,NORTHEAST,30,DELAWARE,CORN,195.8,,19055
2015,YEAR,COUNTY,IOWA,19,57,SOUTHEAST,90,DES MOINES,CORN,176,,19057
2015,YEAR,COUNTY,IOWA,19,59,NORTHWEST,10,DICKINSON,CORN,194.5,,19059
2015,YEAR,COUNTY,IOWA,19,61,NORTHEAST,30,DUBUQUE,CORN,197,,19061
2015,YEAR,COUNTY,IOWA,19,63,NORTHWEST,10,EMMET,CORN,203.3,,19063
2015,YEAR,COUNTY,IOWA,19,65,NORTHEAST,30,FAYETTE,CORN,191.8,,19065
2015,YEAR,COUNTY,IOWA,19,67,NORTH CENTRAL,20,FLOYD,CORN,196.5,,19067
2015,YEAR,COUNTY,IOWA,19,69,NORTH CENTRAL,20,FRANKLIN,CORN,200.2,,19069
2015,YEAR,COUNTY,IOWA,19,71,SOUTHWEST,70,FREMONT,CORN,179.9,,19071
2015,YEAR,COUNTY,IOWA,19,73,WEST CENTRAL,40,GREENE,CORN,189,,19073
2015,YEAR,COUNTY,IOWA,19,75,CENTRAL,50,GRUNDY,CORN,199.9,,19075
2015,YEAR,COUNTY,IOWA,19,77,WEST CENTRAL,40,GUTHRIE,CORN,179.2,,19077
2015,YEAR,COUNTY,IOWA,19,79,CENTRAL,50,HAMILTON,CORN,198.1,,19079
2015,YEAR,COUNTY,IOWA,19,81,NORTH CENTRAL,20,HANCOCK,CORN,201.2,,19081
2015,YEAR,COUNTY,IOWA,19,83,CENTRAL,50,HARDIN,CORN,199.3,,19083
2015,YEAR,COUNTY,IOWA,19,85,WEST CENTRAL,40,HARRISON,CORN,189.5,,19085
2015,YEAR,COUNTY,IOWA,19,87,SOUTHEAST,90,HENRY,CORN,178.4,,19087
2015,YEAR,COUNTY,IOWA,19,89,NORTHEAST,30,HOWARD,CORN,202.1,,19089
2015,YEAR,COUNTY,IOWA,19,91,NORTH CENTRAL,20,HUMBOLDT,CORN,194.8,,19091
2015,YEAR,COUNTY,IOWA,19,93,WEST CENTRAL,40,IDA,CORN,203.1,,19093
2015,YEAR,COUNTY,IOWA,19,95,EAST CENTRAL,60,IOWA,CORN,199.3,,19095
2015,YEAR,COUNTY,IOWA,19,97,EAST CENTRAL,60,JACKSON,CORN,190.6,,19097
2015,YEAR,COUNTY,IOWA,19,99,CENTRAL,50,JASPER,CORN,198.9,,19099
2015,YEAR,COUNTY,IOWA,19,101,SOUTHEAST,90,JEFFERSON,CORN,168.2,,19101
2015,YEAR,COUNTY,IOWA,19,103,EAST CENTRAL,60,JOHNSON,CORN,187.1,,19103
2015,YEAR,COUNTY,IOWA,19,105,EAST CENTRAL,60,JONES,CORN,186.6,,19105
2015,YEAR,COUNTY,IOWA,19,107,SOUTHEAST,90,KEOKUK,CORN,181,,19107
2015,YEAR,COUNTY,IOWA,19,109,NORTH CENTRAL,20,KOSSUTH,CORN,199,,19109
2015,YEAR,COUNTY,IOWA,19,111,SOUTHEAST,90,LEE,CORN,145.1,,19111
2015,YEAR,COUNTY,IOWA,19,113,EAST CENTRAL,60,LINN,CORN,189.2,,19113
2015,YEAR,COUNTY,IOWA,19,115,SOUTHEAST,90,LOUISA,CORN,181.7,,19115
2015,YEAR,COUNTY,IOWA,19,117,SOUTH CENTRAL,80,LUCAS,CORN,154.8,,19117
2015,YEAR,COUNTY,IOWA,19,119,NORTHWEST,10,LYON,CORN,196,,19119
2015,YEAR,COUNTY,IOWA,19,121,SOUTH CENTRAL,80,MADISON,CORN,169.6,,19121
2015,YEAR,COUNTY,IOWA,19,123,SOUTHEAST,90,MAHASKA,CORN,190.3,,19123
2015,YEAR,COUNTY,IOWA,19,125,SOUTH CENTRAL,80,MARION,CORN,178.1,,19125
2015,YEAR,COUNTY,IOWA,19,127,CENTRAL,50,MARSHALL,CORN,194.9,,19127
2015,YEAR,COUNTY,IOWA,19,131,NORTH CENTRAL,20,MITCHELL,CORN,202.1,,19131
2015,YEAR,COUNTY,IOWA,19,133,WEST CENTRAL,40,MONONA,CORN,169,,19133
2015,YEAR,COUNTY,IOWA,19,137,SOUTHWEST,70,MONTGOMERY,CORN,185.2,,19137
2015,YEAR,COUNTY,IOWA,19,139,EAST CENTRAL,60,MUSCATINE,CORN,177.7,,19139
2015,YEAR,COUNTY,IOWA,19,141,NORTHWEST,10,O BRIEN,CORN,205.2,,19141
2015,YEAR,COUNTY,IOWA,19,143,NORTHWEST,10,OSCEOLA,CORN,204.7,,19143
2015,YEAR,COUNTY,IOWA,19,145,SOUTHWEST,70,PAGE,CORN,165.8,,19145
2015,YEAR,COUNTY,IOWA,19,147,NORTHWEST,10,PALO ALTO,CORN,197.5,,19147
2015,YEAR,COUNTY,IOWA,19,149,NORTHWEST,10,PLYMOUTH,CORN,203.6,,19149
2015,YEAR,COUNTY,IOWA,19,151,NORTHWEST,10,POCAHONTAS,CORN,205.5,,19151
2015,YEAR,COUNTY,IOWA,19,153,CENTRAL,50,POLK,CORN,187,,19153
2015,YEAR,COUNTY,IOWA,19,155,SOUTHWEST,70,POTTAWATTAMIE,CORN,204,,19155
2015,YEAR,COUNTY,IOWA,19,157,CENTRAL,50,POWESHIEK,CORN,197.8,,19157
2015,YEAR,COUNTY,IOWA,19,159,SOUTH CENTRAL,80,RINGGOLD,CORN,147.8,,19159
2015,YEAR,COUNTY,IOWA,19,161,WEST CENTRAL,40,SAC,CORN,204.8,,19161
2015,YEAR,COUNTY,IOWA,19,163,EAST CENTRAL,60,SCOTT,CORN,195.9,,19163
2015,YEAR,COUNTY,IOWA,19,165,WEST CENTRAL,40,SHELBY,CORN,195.3,,19165
2015,YEAR,COUNTY,IOWA,19,167,NORTHWEST,10,SIOUX,CORN,201.9,,19167
2015,YEAR,COUNTY,IOWA,19,169,CENTRAL,50,STORY,CORN,188,,19169
2015,YEAR,COUNTY,IOWA,19,171,CENTRAL,50,TAMA,CORN,189.5,,19171
2015,YEAR,COUNTY,IOWA,19,177,SOUTHEAST,90,VAN BUREN,CORN,158.3,,19177
2015,YEAR,COUNTY,IOWA,19,179,SOUTHEAST,90,WAPELLO,CORN,159.3,,19179
2015,YEAR,COUNTY,IOWA,19,181,SOUTH CENTRAL,80,WARREN,CORN,170.3,,19181
2015,YEAR,COUNTY,IOWA,19,183,SOUTHEAST,90,WASHINGTON,CORN,195,,19183
2015,YEAR,COUNTY,IOWA,19,185,SOUTH CENTRAL,80,WAYNE,CORN,158,,19185
2015,YEAR,COUNTY,IOWA,19,187,CENTRAL,50,WEBSTER,CORN,201,,19187
2015,YEAR,COUNTY,IOWA,19,189,NORTH CENTRAL,20,WINNEBAGO,CORN,203.6,,19189
2015,YEAR,COUNTY,IOWA,19,191,NORTHEAST,30,WINNESHIEK,CORN,185.6,,19191
2015,YEAR,COUNTY,IOWA,19,193,WEST CENTRAL,40,WOODBURY,CORN,202.3,,19193
2015,YEAR,COUNTY,IOWA,19,195,NORTH CENTRAL,20,WORTH,CORN,202.1,,19195
2015,YEAR,COUNTY,IOWA,19,197,NORTH CENTRAL,20,WRIGHT,CORN,198.4,,19197
2016,YEAR,COUNTY,IOWA,19,1,SOUTHWEST,70,ADAIR,CORN,190.3,,19001
2016,YEAR,COUNTY,IOWA,19,3,SOUTHWEST,70,ADAMS,CORN,187.4,,19003
2016,YEAR,COUNTY,IOWA,19,5,NORTHEAST,30,ALLAMAKEE,CORN,205.1,,19005
2016,YEAR,COUNTY,IOWA,19,7,SOUTH CENTRAL,80,APPANOOSE,CORN,186.3,,19007
2016,YEAR,COUNTY,IOWA,19,9,WEST CENTRAL,40,AUDUBON,CORN,206.1,,19009
2016,YEAR,COUNTY,IOWA,19,11,EAST CENTRAL,60,BENTON,CORN,199.9,,19011
2016,YEAR,COUNTY,IOWA,19,13,NORTHEAST,30,BLACK HAWK,CORN,206.4,,19013
2016,YEAR,COUNTY,IOWA,19,15,CENTRAL,50,BOONE,CORN,208.4,,19015
2016,YEAR,COUNTY,IOWA,19,17,NORTHEAST,30,BREMER,CORN,210.6,,19017
2016,YEAR,COUNTY,IOWA,19,19,NORTHEAST,30,BUCHANAN,CORN,205.6,,19019
2016,YEAR,COUNTY,IOWA,19,21,NORTHWEST,10,BUENA VISTA,CORN,201.1,,19021
2016,YEAR,COUNTY,IOWA,19,23,NORTH CENTRAL,20,BUTLER,CORN,207.3,,19023
2016,YEAR,COUNTY,IOWA,19,25,WEST CENTRAL,40,CALHOUN,CORN,207.3,,19025
2016,YEAR,COUNTY,IOWA,19,27,WEST CENTRAL,40,CARROLL,CORN,203.1,,19027
2016,YEAR,COUNTY,IOWA,19,29,SOUTHWEST,70,CASS,CORN,195.9,,19029
2016,YEAR,COUNTY,IOWA,19,31,EAST CENTRAL,60,CEDAR,CORN,215.3,,19031
2016,YEAR,COUNTY,IOWA,19,33,NORTH CENTRAL,20,CERRO GORDO,CORN,193.6,,19033
2016,YEAR,COUNTY,IOWA,19,35,NORTHWEST,10,CHEROKEE,CORN,219.7,,19035
2016,YEAR,COUNTY,IOWA,19,37,NORTHEAST,30,CHICKASAW,CORN,206.6,,19037
2016,YEAR,COUNTY,IOWA,19,39,SOUTH CENTRAL,80,CLARKE,CORN,163.9,,19039
2016,YEAR,COUNTY,IOWA,19,41,NORTHWEST,10,CLAY,CORN,202,,19041
2016,YEAR,COUNTY,IOWA,19,43,NORTHEAST,30,CLAYTON,CORN,210.3,,19043
2016,YEAR,COUNTY,IOWA,19,45,EAST CENTRAL,60,CLINTON,CORN,213.8,,19045
2016,YEAR,COUNTY,IOWA,19,47,WEST CENTRAL,40,CRAWFORD,CORN,213.5,,19047
2016,YEAR,COUNTY,IOWA,19,49,CENTRAL,50,DALLAS,CORN,204,,19049
2016,YEAR,COUNTY,IOWA,19,51,SOUTHEAST,90,DAVIS,CORN,188.7,,19051
2016,YEAR,COUNTY,IOWA,19,53,SOUTH CENTRAL,80,DECATUR,CORN,181.1,,19053
2016,YEAR,COUNTY,IOWA,19,55,NORTHEAST,30,DELAWARE,CORN,202.3,,19055
2016,YEAR,COUNTY,IOWA,19,57,SOUTHEAST,90,DES MOINES,CORN,210,,19057
2016,YEAR,COUNTY,IOWA,19,59,NORTHWEST,10,DICKINSON,CORN,188,,19059
2016,YEAR,COUNTY,IOWA,19,61,NORTHEAST,30,DUBUQUE,CORN,211.5,,19061
2016,YEAR,COUNTY,IOWA,19,63,NORTHWEST,10,EMMET,CORN,198.5,,19063
2016,YEAR,COUNTY,IOWA,19,65,NORTHEAST,30,FAYETTE,CORN,202.5,,19065
2016,YEAR,COUNTY,IOWA,19,67,NORTH CENTRAL,20,FLOYD,CORN,196.3,,19067
2016,YEAR,COUNTY,IOWA,19,69,NORTH CENTRAL,20,FRANKLIN,CORN,204.8,,19069
2016,YEAR,COUNTY,IOWA,19,71,SOUTHWEST,70,FREMONT,CORN,180.8,,19071
2016,YEAR,COUNTY,IOWA,19,73,WEST CENTRAL,40,GREENE,CORN,205.5,,19073
2016,YEAR,COUNTY,IOWA,19,75,CENTRAL,50,GRUNDY,CORN,198.5,,19075
2016,YEAR,COUNTY,IOWA,19,77,WEST CENTRAL,40,GUTHRIE,CORN,198.2,,19077
2016,YEAR,COUNTY,IOWA,19,79,CENTRAL,50,HAMILTON,CORN,209,,19079
2016,YEAR,COUNTY,IOWA,19,81,NORTH CENTRAL,20,HANCOCK,CORN,200.3,,19081
2016,YEAR,COUNTY,IOWA,19,83,CENTRAL,50,HARDIN,CORN,208,,19083
2016,YEAR,COUNTY,IOWA,19,85,WEST CENTRAL,40,HARRISON,CORN,204.6,,19085
2016,YEAR,COUNTY,IOWA,19,87,SOUTHEAST,90,HENRY,CORN,199,,19087
2016,YEAR,COUNTY,IOWA,19,89,NORTHEAST,30,HOWARD,CORN,202.2,,19089
2016,YEAR,COUNTY,IOWA,19,91,NORTH CENTRAL,20,HUMBOLDT,CORN,206.1,,19091
2016,YEAR,COUNTY,IOWA,19,93,WEST CENTRAL,40,IDA,CORN,216,,19093
2016,YEAR,COUNTY,IOWA,19,95,EAST CENTRAL,60,IOWA,CORN,210.6,,19095
2016,YEAR,COUNTY,IOWA,19,97,EAST CENTRAL,60,JACKSON,CORN,202.1,,19097
2016,YEAR,COUNTY,IOWA,19,99,CENTRAL,50,JASPER,CORN,214.7,,19099
2016,YEAR,COUNTY,IOWA,19,101,SOUTHEAST,90,JEFFERSON,CORN,197,,19101
2016,YEAR,COUNTY,IOWA,19,103,EAST CENTRAL,60,JOHNSON,CORN,189,,19103
2016,YEAR,COUNTY,IOWA,19,105,EAST CENTRAL,60,JONES,CORN,201.3,,19105
2016,YEAR,COUNTY,IOWA,19,107,SOUTHEAST,90,KEOKUK,CORN,208.6,,19107
2016,YEAR,COUNTY,IOWA,19,109,NORTH CENTRAL,20,KOSSUTH,CORN,204.7,,19109
2016,YEAR,COUNTY,IOWA,19,111,SOUTHEAST,90,LEE,CORN,194.6,,19111
2016,YEAR,COUNTY,IOWA,19,113,EAST CENTRAL,60,LINN,CORN,200.3,,19113
2016,YEAR,COUNTY,IOWA,19,115,SOUTHEAST,90,LOUISA,CORN,200.2,,19115
2016,YEAR,COUNTY,IOWA,19,117,SOUTH CENTRAL,80,LUCAS,CORN,174.6,,19117
2016,YEAR,COUNTY,IOWA,19,119,NORTHWEST,10,LYON,CORN,206.9,,19119
2016,YEAR,COUNTY,IOWA,19,121,SOUTH CENTRAL,80,MADISON,CORN,185.5,,19121
2016,YEAR,COUNTY,IOWA,19,123,SOUTHEAST,90,MAHASKA,CORN,204.7,,19123
2016,YEAR,COUNTY,IOWA,19,125,SOUTH CENTRAL,80,MARION,CORN,198,,19125
2016,YEAR,COUNTY,IOWA,19,127,CENTRAL,50,MARSHALL,CORN,211.3,,19127
2016,YEAR,COUNTY,IOWA,19,129,SOUTHWEST,70,MILLS,CORN,188.4,,19129
2016,YEAR,COUNTY,IOWA,19,131,NORTH CENTRAL,20,MITCHELL,CORN,199.1,,19131
2016,YEAR,COUNTY,IOWA,19,133,WEST CENTRAL,40,MONONA,CORN,184.5,,19133
2016,YEAR,COUNTY,IOWA,19,135,SOUTH CENTRAL,80,MONROE,CORN,180,,19135
2016,YEAR,COUNTY,IOWA,19,137,SOUTHWEST,70,MONTGOMERY,CORN,185.5,,19137
2016,YEAR,COUNTY,IOWA,19,139,EAST CENTRAL,60,MUSCATINE,CORN,203,,19139
2016,YEAR,COUNTY,IOWA,19,141,NORTHWEST,10,O BRIEN,CORN,210.7,,19141
2016,YEAR,COUNTY,IOWA,19,143,NORTHWEST,10,OSCEOLA,CORN,203.7,,19143
2016,YEAR,COUNTY,IOWA,19,145,SOUTHWEST,70,PAGE,CORN,185.8,,19145
2016,YEAR,COUNTY,IOWA,19,147,NORTHWEST,10,PALO ALTO,CORN,196,,19147
2016,YEAR,COUNTY,IOWA,19,149,NORTHWEST,10,PLYMOUTH,CORN,209.2,,19149
2016,YEAR,COUNTY,IOWA,19,151,NORTHWEST,10,POCAHONTAS,CORN,206.8,,19151
2016,YEAR,COUNTY,IOWA,19,153,CENTRAL,50,POLK,CORN,199.8,,19153
2016,YEAR,COUNTY,IOWA,19,155,SOUTHWEST,70,POTTAWATTAMIE,CORN,210.4,,19155
2016,YEAR,COUNTY,IOWA,19,157,CENTRAL,50,POWESHIEK,CORN,213.2,,19157
2016,YEAR,COUNTY,IOWA,19,159,SOUTH CENTRAL,80,RINGGOLD,CORN,179.5,,19159
2016,YEAR,COUNTY,IOWA,19,161,WEST CENTRAL,40,SAC,CORN,214.3,,19161
2016,YEAR,COUNTY,IOWA,19,163,EAST CENTRAL,60,SCOTT,CORN,216,,19163
2016,YEAR,COUNTY,IOWA,19,165,WEST CENTRAL,40,SHELBY,CORN,215.3,,19165
2016,YEAR,COUNTY,IOWA,19,167,NORTHWEST,10,SIOUX,CORN,212.2,,19167
2016,YEAR,COUNTY,IOWA,19,169,CENTRAL,50,STORY,CORN,211.9,,19169
2016,YEAR,COUNTY,IOWA,19,171,CENTRAL,50,TAMA,CORN,208.4,,19171
2016,YEAR,COUNTY,IOWA,19,173,SOUTHWEST,70,TAYLOR,CORN,159.9,,19173
2016,YEAR,COUNTY,IOWA,19,175,SOUTH CENTRAL,80,UNION,CORN,183,,19175
2016,YEAR,COUNTY,IOWA,19,177,SOUTHEAST,90,VAN BUREN,CORN,189,,19177
2016,YEAR,COUNTY,IOWA,19,179,SOUTHEAST,90,WAPELLO,CORN,196.9,,19179
2016,YEAR,COUNTY,IOWA,19,181,SOUTH CENTRAL,80,WARREN,CORN,184.6,,19181
2016,YEAR,COUNTY,IOWA,19,183,SOUTHEAST,90,WASHINGTON,CORN,208.2,,19183
2016,YEAR,COUNTY,IOWA,19,185,SOUTH CENTRAL,80,WAYNE,CORN,174.5,,19185
2016,YEAR,COUNTY,IOWA,19,187,CENTRAL,50,WEBSTER,CORN,200.8,,19187
2016,YEAR,COUNTY,IOWA,19,189,NORTH CENTRAL,20,WINNEBAGO,CORN,197.9,,19189
2016,YEAR,COUNTY,IOWA,19,191,NORTHEAST,30,WINNESHIEK,CORN,210.7,,19191
2016,YEAR,COUNTY,IOWA,19,193,WEST CENTRAL,40,WOODBURY,CORN,203.7,,19193
2016,YEAR,COUNTY,IOWA,19,195,NORTH CENTRAL,20,WORTH,CORN,191.5,,19195
2016,YEAR,COUNTY,IOWA,19,197,NORTH CENTRAL,20,WRIGHT,CORN,200.2,,19197
2017,YEAR,COUNTY,IOWA,19,1,SOUTHWEST,70,ADAIR,CORN,175.2,,19001
2017,YEAR,COUNTY,IOWA,19,3,SOUTHWEST,70,ADAMS,CORN,179.9,,19003
2017,YEAR,COUNTY,IOWA,19,5,NORTHEAST,30,ALLAMAKEE,CORN,190.5,,19005
2017,YEAR,COUNTY,IOWA,19,7,SOUTH CENTRAL,80,APPANOOSE,CORN,170,,19007
2017,YEAR,COUNTY,IOWA,19,9,WEST CENTRAL,40,AUDUBON,CORN,211.2,,19009
2017,YEAR,COUNTY,IOWA,19,11,EAST CENTRAL,60,BENTON,CORN,215.3,,19011
2017,YEAR,COUNTY,IOWA,19,13,NORTHEAST,30,BLACK HAWK,CORN,209.2,,19013
2017,YEAR,COUNTY,IOWA,19,15,CENTRAL,50,BOONE,CORN,192.4,,19015
2017,YEAR,COUNTY,IOWA,19,17,NORTHEAST,30,BREMER,CORN,212.7,,19017
2017,YEAR,COUNTY,IOWA,19,19,NORTHEAST,30,BUCHANAN,CORN,221.3,,19019
2017,YEAR,COUNTY,IOWA,19,21,NORTHWEST,10,BUENA VISTA,CORN,187.9,,19021
2017,YEAR,COUNTY,IOWA,19,23,NORTH CENTRAL,20,BUTLER,CORN,211.4,,19023
2017,YEAR,COUNTY,IOWA,19,25,WEST CENTRAL,40,CALHOUN,CORN,195.1,,19025
2017,YEAR,COUNTY,IOWA,19,27,WEST CENTRAL,40,CARROLL,CORN,211.3,,19027
2017,YEAR,COUNTY,IOWA,19,29,SOUTHWEST,70,CASS,CORN,197.4,,19029
2017,YEAR,COUNTY,IOWA,19,31,EAST CENTRAL,60,CEDAR,CORN,222.3,,19031
2017,YEAR,COUNTY,IOWA,19,33,NORTH CENTRAL,20,CERRO GORDO,CORN,208.9,,19033
2017,YEAR,COUNTY,IOWA,19,35,NORTHWEST,10,CHEROKEE,CORN,203.7,,19035
2017,YEAR,COUNTY,IOWA,19,37,NORTHEAST,30,CHICKASAW,CORN,194.4,,19037
2017,YEAR,COUNTY,IOWA,19,41,NORTHWEST,10,CLAY,CORN,197.3,,19041
2017,YEAR,COUNTY,IOWA,19,43,NORTHEAST,30,CLAYTON,CORN,213.6,,19043
2017,YEAR,COUNTY,IOWA,19,45,EAST CENTRAL,60,CLINTON,CORN,213.3,,19045
2017,YEAR,COUNTY,IOWA,19,47,WEST CENTRAL,40,CRAWFORD,CORN,221.9,,19047
2017,YEAR,COUNTY,IOWA,19,49,CENTRAL,50,DALLAS,CORN,187.2,,19049
2017,YEAR,COUNTY,IOWA,19,51,SOUTHEAST,90,DAVIS,CORN,107.3,,19051
2017,YEAR,COUNTY,IOWA,19,55,NORTHEAST,30,DELAWARE,CORN,218,,19055
2017,YEAR,COUNTY,IOWA,19,57,SOUTHEAST,90,DES MOINES,CORN,200.1,,19057
2017,YEAR,COUNTY,IOWA,19,59,NORTHWEST,10,DICKINSON,CORN,196.2,,19059
2017,YEAR,COUNTY,IOWA,19,61,NORTHEAST,30,DUBUQUE,CORN,215.1,,19061
2017,YEAR,COUNTY,IOWA,19,63,NORTHWEST,10,EMMET,CORN,210.1,,19063
2017,YEAR,COUNTY,IOWA,19,65,NORTHEAST,30,FAYETTE,CORN,207.6,,19065
2017,YEAR,COUNTY,IOWA,19,67,NORTH CENTRAL,20,FLOYD,CORN,203.4,,19067
2017,YEAR,COUNTY,IOWA,19,69,NORTH CENTRAL,20,FRANKLIN,CORN,206.1,,19069
2017,YEAR,COUNTY,IOWA,19,71,SOUTHWEST,70,FREMONT,CORN,204.5,,19071
2017,YEAR,COUNTY,IOWA,19,73,WEST CENTRAL,40,GREENE,CORN,202.2,,19073
2017,YEAR,COUNTY,IOWA,19,75,CENTRAL,50,GRUNDY,CORN,217.3,,19075
2017,YEAR,COUNTY,IOWA,19,77,WEST CENTRAL,40,GUTHRIE,CORN,197.6,,19077
2017,YEAR,COUNTY,IOWA,19,79,CENTRAL,50,HAMILTON,CORN,194.6,,19079
2017,YEAR,COUNTY,IOWA,19,81,NORTH CENTRAL,20,HANCOCK,CORN,200.2,,19081
2017,YEAR,COUNTY,IOWA,19,83,CENTRAL,50,HARDIN,CORN,213.7,,19083
2017,YEAR,COUNTY,IOWA,19,85,WEST CENTRAL,40,HARRISON,CORN,193.2,,19085
2017,YEAR,COUNTY,IOWA,19,87,SOUTHEAST,90,HENRY,CORN,196.4,,19087
2017,YEAR,COUNTY,IOWA,19,89,NORTHEAST,30,HOWARD,CORN,201.7,,19089
2017,YEAR,COUNTY,IOWA,19,91,NORTH CENTRAL,20,HUMBOLDT,CORN,200.9,,19091
2017,YEAR,COUNTY,IOWA,19,93,WEST CENTRAL,40,IDA,CORN,215.7,,19093
2017,YEAR,COUNTY,IOWA,19,95,EAST CENTRAL,60,IOWA,CORN,216.7,,19095
2017,YEAR,COUNTY,IOWA,19,97,EAST CENTRAL,60,JACKSON,CORN,202.1,,19097
2017,YEAR,COUNTY,IOWA,19,99,CENTRAL,50,JASPER,CORN,204.6,,19099
2017,YEAR,COUNTY,IOWA,19,101,SOUTHEAST,90,JEFFERSON,CORN,165.5,,19101
2017,YEAR,COUNTY,IOWA,19,103,EAST CENTRAL,60,JOHNSON,CORN,213.1,,19103
2017,YEAR,COUNTY,IOWA,19,105,EAST CENTRAL,60,JONES,CORN,217,,19105
2017,YEAR,COUNTY,IOWA,19,107,SOUTHEAST,90,KEOKUK,CORN,176.4,,19107
2017,YEAR,COUNTY,IOWA,19,109,NORTH CENTRAL,20,KOSSUTH,CORN,205.6,,19109
2017,YEAR,COUNTY,IOWA,19,111,SOUTHEAST,90,LEE,CORN,178,,19111
2017,YEAR,COUNTY,IOWA,19,113,EAST CENTRAL,60,LINN,CORN,217.4,,19113
2017,YEAR,COUNTY,IOWA,19,115,SOUTHEAST,90,LOUISA,CORN,216.6,,19115
2017,YEAR,COUNTY,IOWA,19,119,NORTHWEST,10,LYON,CORN,218.9,,19119
2017,YEAR,COUNTY,IOWA,19,121,SOUTH CENTRAL,80,MADISON,CORN,173.1,,19121
2017,YEAR,COUNTY,IOWA,19,123,SOUTHEAST,90,MAHASKA,CORN,177.2,,19123
2017,YEAR,COUNTY,IOWA,19,125,SOUTH CENTRAL,80,MARION,CORN,185.7,,19125
2017,YEAR,COUNTY,IOWA,19,127,CENTRAL,50,MARSHALL,CORN,222.4,,19127
2017,YEAR,COUNTY,IOWA,19,129,SOUTHWEST,70,MILLS,CORN,190.1,,19129
2017,YEAR,COUNTY,IOWA,19,131,NORTH CENTRAL,20,MITCHELL,CORN,213.4,,19131
2017,YEAR,COUNTY,IOWA,19,133,WEST CENTRAL,40,MONONA,CORN,196,,19133
2017,YEAR,COUNTY,IOWA,19,135,SOUTH CENTRAL,80,MONROE,CORN,169.9,,19135
2017,YEAR,COUNTY,IOWA,19,137,SOUTHWEST,70,MONTGOMERY,CORN,199.1,,19137
2017,YEAR,COUNTY,IOWA,19,139,EAST CENTRAL,60,MUSCATINE,CORN,206.8,,19139
2017,YEAR,COUNTY,IOWA,19,141,NORTHWEST,10,O BRIEN,CORN,213.8,,19141
2017,YEAR,COUNTY,IOWA,19,143,NORTHWEST,10,OSCEOLA,CORN,211.6,,19143
2017,YEAR,COUNTY,IOWA,19,145,SOUTHWEST,70,PAGE,CORN,193.1,,19145
2017,YEAR,COUNTY,IOWA,19,147,NORTHWEST,10,PALO ALTO,CORN,195.4,,19147
2017,YEAR,COUNTY,IOWA,19,149,NORTHWEST,10,PLYMOUTH,CORN,193,,19149
2017,YEAR,COUNTY,IOWA,19,151,NORTHWEST,10,POCAHONTAS,CORN,190.9,,19151
2017,YEAR,COUNTY,IOWA,19,153,CENTRAL,50,POLK,CORN,200.3,,19153
2017,YEAR,COUNTY,IOWA,19,155,SOUTHWEST,70,POTTAWATTAMIE,CORN,195.8,,19155
2017,YEAR,COUNTY,IOWA,19,157,CENTRAL,50,POWESHIEK,CORN,215.1,,19157
2017,YEAR,COUNTY,IOWA,19,159,SOUTH CENTRAL,80,RINGGOLD,CORN,167.8,,19159
2017,YEAR,COUNTY,IOWA,19,161,WEST CENTRAL,40,SAC,CORN,194.5,,19161
2017,YEAR,COUNTY,IOWA,19,163,EAST CENTRAL,60,SCOTT,CORN,220,,19163
2017,YEAR,COUNTY,IOWA,19,165,WEST CENTRAL,40,SHELBY,CORN,207.1,,19165
2017,YEAR,COUNTY,IOWA,19,167,NORTHWEST,10,SIOUX,CORN,220.7,,19167
2017,YEAR,COUNTY,IOWA,19,169,CENTRAL,50,STORY,CORN,200.3,,19169
2017,YEAR,COUNTY,IOWA,19,171,CENTRAL,50,TAMA,CORN,220.6,,19171
2017,YEAR,COUNTY,IOWA,19,173,SOUTHWEST,70,TAYLOR,CORN,175,,19173
2017,YEAR,COUNTY,IOWA,19,175,SOUTH CENTRAL,80,UNION,CORN,147.9,,19175
2017,YEAR,COUNTY,IOWA,19,177,SOUTHEAST,90,VAN BUREN,CORN,128.2,,19177
2017,YEAR,COUNTY,IOWA,19,179,SOUTHEAST,90,WAPELLO,CORN,153,,19179
2017,YEAR,COUNTY,IOWA,19,181,SOUTH CENTRAL,80,WARREN,CORN,183.2,,19181
2017,YEAR,COUNTY,IOWA,19,183,SOUTHEAST,90,WASHINGTON,CORN,220.4,,19183
2017,YEAR,COUNTY,IOWA,19,187,CENTRAL,50,WEBSTER,CORN,197.9,,19187
2017,YEAR,COUNTY,IOWA,19,189,NORTH CENTRAL,20,WINNEBAGO,CORN,210.7,,19189
2017,YEAR,COUNTY,IOWA,19,191,NORTHEAST,30,WINNESHIEK,CORN,199.7,,19191
2017,YEAR,COUNTY,IOWA,19,193,WEST CENTRAL,40,WOODBURY,CORN,200.5,,19193
2017,YEAR,COUNTY,IOWA,19,195,NORTH CENTRAL,20,WORTH,CORN,198.5,,19195
2017,YEAR,COUNTY,IOWA,19,197,NORTH CENTRAL,20,WRIGHT,CORN,206.9,,19197
2018,YEAR,COUNTY,IOWA,19,1,SOUTHWEST,70,ADAIR,CORN,149.5,,19001
2018,YEAR,COUNTY,IOWA,19,3,SOUTHWEST,70,ADAMS,CORN,171.6,,19003
2018,YEAR,COUNTY,IOWA,19,5,NORTHEAST,30,ALLAMAKEE,CORN,198.4,,19005
2018,YEAR,COUNTY,IOWA,19,9,WEST CENTRAL,40,AUDUBON,CORN,180,,19009
2018,YEAR,COUNTY,IOWA,19,11,EAST CENTRAL,60,BENTON,CORN,214.6,,19011
2018,YEAR,COUNTY,IOWA,19,13,NORTHEAST,30,BLACK HAWK,CORN,206.2,,19013
2018,YEAR,COUNTY,IOWA,19,15,CENTRAL,50,BOONE,CORN,193.7,,19015
2018,YEAR,COUNTY,IOWA,19,17,NORTHEAST,30,BREMER,CORN,212.4,,19017
2018,YEAR,COUNTY,IOWA,19,19,NORTHEAST,30,BUCHANAN,CORN,207.1,,19019
2018,YEAR,COUNTY,IOWA,19,21,NORTHWEST,10,BUENA VISTA,CORN,193.1,,19021
2018,YEAR,COUNTY,IOWA,19,23,NORTH CENTRAL,20,BUTLER,CORN,211.3,,19023
2018,YEAR,COUNTY,IOWA,19,25,WEST CENTRAL,40,CALHOUN,CORN,193.3,,19025
2018,YEAR,COUNTY,IOWA,19,27,WEST CENTRAL,40,CARROLL,CORN,208.4,,19027
2018,YEAR,COUNTY,IOWA,19,29,SOUTHWEST,70,CASS,CORN,169.5,,19029
2018,YEAR,COUNTY,IOWA,19,31,EAST CENTRAL,60,CEDAR,CORN,222.3,,19031
2018,YEAR,COUNTY,IOWA,19,33,NORTH CENTRAL,20,CERRO GORDO,CORN,184.4,,19033
2018,YEAR,COUNTY,IOWA,19,35,NORTHWEST,10,CHEROKEE,CORN,213.3,,19035
2018,YEAR,COUNTY,IOWA,19,37,NORTHEAST,30,CHICKASAW,CORN,192.9,,19037
2018,YEAR,COUNTY,IOWA,19,39,SOUTH CENTRAL,80,CLARKE,CORN,161.8,,19039
2018,YEAR,COUNTY,IOWA,19,41,NORTHWEST,10,CLAY,CORN,158.5,,19041
2018,YEAR,COUNTY,IOWA,19,43,NORTHEAST,30,CLAYTON,CORN,201.5,,19043
2018,YEAR,COUNTY,IOWA,19,45,EAST CENTRAL,60,CLINTON,CORN,210.9,,19045
2018,YEAR,COUNTY,IOWA,19,47,WEST CENTRAL,40,CRAWFORD,CORN,214,,19047
2018,YEAR,COUNTY,IOWA,19,49,CENTRAL,50,DALLAS,CORN,174,,19049
2018,YEAR,COUNTY,IOWA,19,53,SOUTH CENTRAL,80,DECATUR,CORN,172.5,,19053
2018,YEAR,COUNTY,IOWA,19,55,NORTHEAST,30,DELAWARE,CORN,224.8,,19055
2018,YEAR,COUNTY,IOWA,19,57,SOUTHEAST,90,DES MOINES,CORN,195.4,,19057
2018,YEAR,COUNTY,IOWA,19,59,NORTHWEST,10,DICKINSON,CORN,160.4,,19059
2018,YEAR,COUNTY,IOWA,19,61,NORTHEAST,30,DUBUQUE,CORN,211.8,,19061
2018,YEAR,COUNTY,IOWA,19,63,NORTHWEST,10,EMMET,CORN,155.8,,19063
2018,YEAR,COUNTY,IOWA,19,65,NORTHEAST,30,FAYETTE,CORN,200.1,,19065
2018,YEAR,COUNTY,IOWA,19,67,NORTH CENTRAL,20,FLOYD,CORN,184.4,,19067
2018,YEAR,COUNTY,IOWA,19,69,NORTH CENTRAL,20,FRANKLIN,CORN,204.3,,19069
2018,YEAR,COUNTY,IOWA,19,71,SOUTHWEST,70,FREMONT,CORN,195.1,,19071
2018,YEAR,COUNTY,IOWA,19,73,WEST CENTRAL,40,GREENE,CORN,201.3,,19073
2018,YEAR,COUNTY,IOWA,19,75,CENTRAL,50,GRUNDY,CORN,225.2,,19075
2018,YEAR,COUNTY,IOWA,19,77,WEST CENTRAL,40,GUTHRIE,CORN,192.2,,19077
2018,YEAR,COUNTY,IOWA,19,79,CENTRAL,50,HAMILTON,CORN,188.9,,19079
2018,YEAR,COUNTY,IOWA,19,81,NORTH CENTRAL,20,HANCOCK,CORN,176.7,,19081
2018,YEAR,COUNTY,IOWA,19,83,CENTRAL,50,HARDIN,CORN,216.6,,19083
2018,YEAR,COUNTY,IOWA,19,85,WEST CENTRAL,40,HARRISON,CORN,176,,19085
2018,YEAR,COUNTY,IOWA,19,87,SOUTHEAST,90,HENRY,CORN,189.7,,19087
2018,YEAR,COUNTY,IOWA,19,89,NORTHEAST,30,HOWARD,CORN,185.5,,19089
2018,YEAR,COUNTY,IOWA,19,91,NORTH CENTRAL,20,HUMBOLDT,CORN,162.3,,19091
2018,YEAR,COUNTY,IOWA,19,93,WEST CENTRAL,40,IDA,CORN,222.2,,19093
2018,YEAR,COUNTY,IOWA,19,95,EAST CENTRAL,60,IOWA,CORN,211.7,,19095
2018,YEAR,COUNTY,IOWA,19,97,EAST CENTRAL,60,JACKSON,CORN,202.4,,19097
2018,YEAR,COUNTY,IOWA,19,99,CENTRAL,50,JASPER,CORN,218.6,,19099
2018,YEAR,COUNTY,IOWA,19,101,SOUTHEAST,90,JEFFERSON,CORN,198.8,,19101
2018,YEAR,COUNTY,IOWA,19,103,EAST CENTRAL,60,JOHNSON,CORN,212.3,,19103
2018,YEAR,COUNTY,IOWA,19,105,EAST CENTRAL,60,JONES,CORN,208.9,,19105
2018,YEAR,COUNTY,IOWA,19,107,SOUTHEAST,90,KEOKUK,CORN,203.7,,19107
2018,YEAR,COUNTY,IOWA,19,109,NORTH CENTRAL,20,KOSSUTH,CORN,180.2,,19109
2018,YEAR,COUNTY,IOWA,19,111,SOUTHEAST,90,LEE,CORN,201.3,,19111
2018,YEAR,COUNTY,IOWA,19,113,EAST CENTRAL,60,LINN,CORN,215.4,,19113
2018,YEAR,COUNTY,IOWA,19,115,SOUTHEAST,90,LOUISA,CORN,196.5,,19115
2018,YEAR,COUNTY,IOWA,19,119,NORTHWEST,10,LYON,CORN,193,,19119
2018,YEAR,COUNTY,IOWA,19,121,SOUTH CENTRAL,80,MADISON,CORN,167.8,,19121
2018,YEAR,COUNTY,IOWA,19,123,SOUTHEAST,90,MAHASKA,CORN,207.7,,19123
2018,YEAR,COUNTY,IOWA,19,125,SOUTH CENTRAL,80,MARION,CORN,190.2,,19125
2018,YEAR,COUNTY,IOWA,19,127,CENTRAL,50,MARSHALL,CORN,226,,19127
2018,YEAR,COUNTY,IOWA,19,131,NORTH CENTRAL,20,MITCHELL,CORN,193.3,,19131
2018,YEAR,COUNTY,IOWA,19,133,WEST CENTRAL,40,MONONA,CORN,181.4,,19133
2018,YEAR,COUNTY,IOWA,19,135,SOUTH CENTRAL,80,MONROE,CORN,167,,19135
2018,YEAR,COUNTY,IOWA,19,137,SOUTHWEST,70,MONTGOMERY,CORN,191.5,,19137
2018,YEAR,COUNTY,IOWA,19,139,EAST CENTRAL,60,MUSCATINE,CORN,209.6,,19139
2018,YEAR,COUNTY,IOWA,19,141,NORTHWEST,10,O BRIEN,CORN,201.6,,19141
2018,YEAR,COUNTY,IOWA,19,143,NORTHWEST,10,OSCEOLA,CORN,180.2,,19143
2018,YEAR,COUNTY,IOWA,19,145,SOUTHWEST,70,PAGE,CORN,188.1,,19145
2018,YEAR,COUNTY,IOWA,19,147,NORTHWEST,10,PALO ALTO,CORN,157.9,,19147
2018,YEAR,COUNTY,IOWA,19,149,NORTHWEST,10,PLYMOUTH,CORN,213.8,,19149
2018,YEAR,COUNTY,IOWA,19,151,NORTHWEST,10,POCAHONTAS,CORN,179.2,,19151
2018,YEAR,COUNTY,IOWA,19,153,CENTRAL,50,POLK,CORN,186.2,,19153
2018,YEAR,COUNTY,IOWA,19,157,CENTRAL,50,POWESHIEK,CORN,218.7,,19157
2018,YEAR,COUNTY,IOWA,19,159,SOUTH CENTRAL,80,RINGGOLD,CORN,153.3,,19159
2018,YEAR,COUNTY,IOWA,19,161,WEST CENTRAL,40,SAC,CORN,213.5,,19161
2018,YEAR,COUNTY,IOWA,19,163,EAST CENTRAL,60,SCOTT,CORN,214,,19163
2018,YEAR,COUNTY,IOWA,19,165,WEST CENTRAL,40,SHELBY,CORN,189.1,,19165
2018,YEAR,COUNTY,IOWA,19,167,NORTHWEST,10,SIOUX,CORN,211.9,,19167
2018,YEAR,COUNTY,IOWA,19,169,CENTRAL,50,STORY,CORN,192.3,,19169
2018,YEAR,COUNTY,IOWA,19,171,CENTRAL,50,TAMA,CORN,224.3,,19171
2018,YEAR,COUNTY,IOWA,19,173,SOUTHWEST,70,TAYLOR,CORN,154.4,,19173
2018,YEAR,COUNTY,IOWA,19,175,SOUTH CENTRAL,80,UNION,CORN,155.8,,19175
2018,YEAR,COUNTY,IOWA,19,177,SOUTHEAST,90,VAN BUREN,CORN,180.9,,19177
2018,YEAR,COUNTY,IOWA,19,181,SOUTH CENTRAL,80,WARREN,CORN,163.6,,19181
2018,YEAR,COUNTY,IOWA,19,183,SOUTHEAST,90,WASHINGTON,CORN,214.3,,19183
2018,YEAR,COUNTY,IOWA,19,185,SOUTH CENTRAL,80,WAYNE,CORN,171.6,,19185
2018,YEAR,COUNTY,IOWA,19,187,CENTRAL,50,WEBSTER,CORN,188.1,,19187
2018,YEAR,COUNTY,IOWA,19,189,NORTH CENTRAL,20,WINNEBAGO,CORN,180.8,,19189
2018,YEAR,COUNTY,IOWA,19,191,NORTHEAST,30,WINNESHIEK,CORN,198.1,,19191
2018,YEAR,COUNTY,IOWA,19,193,WEST CENTRAL,40,WOODBURY,CORN,219.3,,19193
2018,YEAR,COUNTY,IOWA,19,195,NORTH CENTRAL,20,WORTH,CORN,180,,19195
2018,YEAR,COUNTY,IOWA,19,197,NORTH CENTRAL,20,WRIGHT,CORN,180.5,,19197
2019,YEAR,COUNTY,IOWA,19,1,SOUTHWEST,70,ADAIR,CORN,176.6,,19001
2019,YEAR,COUNTY,IOWA,19,5,NORTHEAST,30,ALLAMAKEE,CORN,187.2,,19005
2019,YEAR,COUNTY,IOWA,19,7,SOUTH CENTRAL,80,APPANOOSE,CORN,166.8,,19007
2019,YEAR,COUNTY,IOWA,19,9,WEST CENTRAL,40,AUDUBON,CORN,216,,19009
2019,YEAR,COUNTY,IOWA,19,11,EAST CENTRAL,60,BENTON,CORN,197.6,,19011
2019,YEAR,COUNTY,IOWA,19,13,NORTHEAST,30,BLACK HAWK,CORN,205.1,,19013
2019,YEAR,COUNTY,IOWA,19,15,CENTRAL,50,BOONE,CORN,194.8,,19015
2019,YEAR,COUNTY,IOWA,19,17,NORTHEAST,30,BREMER,CORN,212.5,,19017
2019,YEAR,COUNTY,IOWA,19,19,NORTHEAST,30,BUCHANAN,CORN,218.9,,19019
2019,YEAR,COUNTY,IOWA,19,21,NORTHWEST,10,BUENA VISTA,CORN,190.8,,19021
2019,YEAR,COUNTY,IOWA,19,23,NORTH CENTRAL,20,BUTLER,CORN,209.5,,19023
2019,YEAR,COUNTY,IOWA,19,25,WEST CENTRAL,40,CALHOUN,CORN,198.8,,19025
2019,YEAR,COUNTY,IOWA,19,27,WEST CENTRAL,40,CARROLL,CORN,219.7,,19027
2019,YEAR,COUNTY,IOWA,19,29,SOUTHWEST,70,CASS,CORN,200.3,,19029
2019,YEAR,COUNTY,IOWA,19,31,EAST CENTRAL,60,CEDAR,CORN,193.7,,19031
2019,YEAR,COUNTY,IOWA,19,33,NORTH CENTRAL,20,CERRO GORDO,CORN,191.8,,19033
2019,YEAR,COUNTY,IOWA,19,35,NORTHWEST,10,CHEROKEE,CORN,208.9,,19035
2019,YEAR,COUNTY,IOWA,19,37,NORTHEAST,30,CHICKASAW,CORN,212.1,,19037
2019,YEAR,COUNTY,IOWA,19,41,NORTHWEST,10,CLAY,CORN,185.5,,19041
2019,YEAR,COUNTY,IOWA,19,43,NORTHEAST,30,CLAYTON,CORN,197.5,,19043
2019,YEAR,COUNTY,IOWA,19,45,EAST CENTRAL,60,CLINTON,CORN,196.1,,19045
2019,YEAR,COUNTY,IOWA,19,47,WEST CENTRAL,40,CRAWFORD,CORN,234.7,,19047
2019,YEAR,COUNTY,IOWA,19,49,CENTRAL,50,DALLAS,CORN,195,,19049
2019,YEAR,COUNTY,IOWA,19,51,SOUTHEAST,90,DAVIS,CORN,160,,19051
2019,YEAR,COUNTY,IOWA,19,55,NORTHEAST,30,DELAWARE,CORN,204.6,,19055
2019,YEAR,COUNTY,IOWA,19,57,SOUTHEAST,90,DES MOINES,CORN,176.9,,19057
2019,YEAR,COUNTY,IOWA,19,59,NORTHWEST,10,DICKINSON,CORN,170,,19059
2019,YEAR,COUNTY,IOWA,19,61,NORTHEAST,30,DUBUQUE,CORN,216.4,,19061
2019,YEAR,COUNTY,IOWA,19,65,NORTHEAST,30,FAYETTE,CORN,200.5,,19065
2019,YEAR,COUNTY,IOWA,19,67,NORTH CENTRAL,20,FLOYD,CORN,202.9,,19067
2019,YEAR,COUNTY,IOWA,19,69,NORTH CENTRAL,20,FRANKLIN,CORN,202.7,,19069
2019,YEAR,COUNTY,IOWA,19,73,WEST CENTRAL,40,GREENE,CORN,201.4,,19073
2019,YEAR,COUNTY,IOWA,19,75,CENTRAL,50,GRUNDY,CORN,209.8,,19075
2019,YEAR,COUNTY,IOWA,19,77,WEST CENTRAL,40,GUTHRIE,CORN,196.7,,19077
2019,YEAR,COUNTY,IOWA,19,79,CENTRAL,50,HAMILTON,CORN,198.2,,19079
2019,YEAR,COUNTY,IOWA,19,81,NORTH CENTRAL,20,HANCOCK,CORN,193.3,,19081
2019,YEAR,COUNTY,IOWA,19,83,CENTRAL,50,HARDIN,CORN,200.2,,19083
2019,YEAR,COUNTY,IOWA,19,87,SOUTHEAST,90,HENRY,CORN,164.5,,19087
2019,YEAR,COUNTY,IOWA,19,89,NORTHEAST,30,HOWARD,CORN,194.2,,19089
2019,YEAR,COUNTY,IOWA,19,91,NORTH CENTRAL,20,HUMBOLDT,CORN,198.7,,19091
2019,YEAR,COUNTY,IOWA,19,95,EAST CENTRAL,60,IOWA,CORN,190.6,,19095
2019,YEAR,COUNTY,IOWA,19,97,EAST CENTRAL,60,JACKSON,CORN,185.5,,19097
2019,YEAR,COUNTY,IOWA,19,99,CENTRAL,50,JASPER,CORN,209.3,,19099
2019,YEAR,COUNTY,IOWA,19,101,SOUTHEAST,90,JEFFERSON,CORN,162.7,,19101
2019,YEAR,COUNTY,IOWA,19,103,EAST CENTRAL,60,JOHNSON,CORN,181.3,,19103
2019,YEAR,COUNTY,IOWA,19,105,EAST CENTRAL,60,JONES,CORN,203,,19105
2019,YEAR,COUNTY,IOWA,19,107,SOUTHEAST,90,KEOKUK,CORN,175.5,,19107
2019,YEAR,COUNTY,IOWA,19,109,NORTH CENTRAL,20,KOSSUTH,CORN,198.7,,19109
2019,YEAR,COUNTY,IOWA,19,111,SOUTHEAST,90,LEE,CORN,172.5,,19111
2019,YEAR,COUNTY,IOWA,19,113,EAST CENTRAL,60,LINN,CORN,223.7,,19113
2019,YEAR,COUNTY,IOWA,19,115,SOUTHEAST,90,LOUISA,CORN,174.6,,19115
2019,YEAR,COUNTY,IOWA,19,119,NORTHWEST,10,LYON,CORN,186.6,,19119
2019,YEAR,COUNTY,IOWA,19,121,SOUTH CENTRAL,80,MADISON,CORN,175.7,,19121
2019,YEAR,COUNTY,IOWA,19,123,SOUTHEAST,90,MAHASKA,CORN,189.9,,19123
2019,YEAR,COUNTY,IOWA,19,125,SOUTH CENTRAL,80,MARION,CORN,170.7,,19125
2019,YEAR,COUNTY,IOWA,19,127,CENTRAL,50,MARSHALL,CORN,221.9,,19127
2019,YEAR,COUNTY,IOWA,19,129,SOUTHWEST,70,MILLS,CORN,202.9,,19129
2019,YEAR,COUNTY,IOWA,19,131,NORTH CENTRAL,20,MITCHELL,CORN,194.5,,19131
2019,YEAR,COUNTY,IOWA,19,133,WEST CENTRAL,40,MONONA,CORN,203.9,,19133
2019,YEAR,COUNTY,IOWA,19,135,SOUTH CENTRAL,80,MONROE,CORN,162.3,,19135
2019,YEAR,COUNTY,IOWA,19,137,SOUTHWEST,70,MONTGOMERY,CORN,204.8,,19137
2019,YEAR,COUNTY,IOWA,19,139,EAST CENTRAL,60,MUSCATINE,CORN,173.2,,19139
2019,YEAR,COUNTY,IOWA,19,141,NORTHWEST,10,O BRIEN,CORN,204.9,,19141
2019,YEAR,COUNTY,IOWA,19,143,NORTHWEST,10,OSCEOLA,CORN,182.5,,19143
2019,YEAR,COUNTY,IOWA,19,145,SOUTHWEST,70,PAGE,CORN,191.4,,19145
2019,YEAR,COUNTY,IOWA,19,147,NORTHWEST,10,PALO ALTO,CORN,198.3,,19147
2019,YEAR,COUNTY,IOWA,19,149,NORTHWEST,10,PLYMOUTH,CORN,217.8,,19149
2019,YEAR,COUNTY,IOWA,19,153,CENTRAL,50,POLK,CORN,196.7,,19153
2019,YEAR,COUNTY,IOWA,19,155,SOUTHWEST,70,POTTAWATTAMIE,CORN,208,,19155
2019,YEAR,COUNTY,IOWA,19,157,CENTRAL,50,POWESHIEK,CORN,200.3,,19157
2019,YEAR,COUNTY,IOWA,19,161,WEST CENTRAL,40,SAC,CORN,220.6,,19161
2019,YEAR,COUNTY,IOWA,19,163,EAST CENTRAL,60,SCOTT,CORN,189.3,,19163
2019,YEAR,COUNTY,IOWA,19,165,WEST CENTRAL,40,SHELBY,CORN,217.3,,19165
2019,YEAR,COUNTY,IOWA,19,167,NORTHWEST,10,SIOUX,CORN,192.2,,19167
2019,YEAR,COUNTY,IOWA,19,169,CENTRAL,50,STORY,CORN,189.3,,19169
2019,YEAR,COUNTY,IOWA,19,171,CENTRAL,50,TAMA,CORN,204.8,,19171
2019,YEAR,COUNTY,IOWA,19,173,SOUTHWEST,70,TAYLOR,CORN,161.7,,19173
2019,YEAR,COUNTY,IOWA,19,175,SOUTH CENTRAL,80,UNION,CORN,168.9,,19175
2019,YEAR,COUNTY,IOWA,19,177,SOUTHEAST,90,VAN BUREN,CORN,171,,19177
2019,YEAR,COUNTY,IOWA,19,179,SOUTHEAST,90,WAPELLO,CORN,176.5,,19179
2019,YEAR,COUNTY,IOWA,19,183,SOUTHEAST,90,WASHINGTON,CORN,178.9,,19183
2019,YEAR,COUNTY,IOWA,19,185,SOUTH CENTRAL,80,WAYNE,CORN,151.5,,19185
2019,YEAR,COUNTY,IOWA,19,187,CENTRAL,50,WEBSTER,CORN,202.9,,19187
2019,YEAR,COUNTY,IOWA,19,189,NORTH CENTRAL,20,WINNEBAGO,CORN,198.8,,19189
2019,YEAR,COUNTY,IOWA,19,191,NORTHEAST,30,WINNESHIEK,CORN,200.4,,19191
2019,YEAR,COUNTY,IOWA,19,193,WEST CENTRAL,40,WOODBURY,CORN,218.2,,19193
2019,YEAR,COUNTY,IOWA,19,195,NORTH CENTRAL,20,WORTH,CORN,196.5,,19195
2019,YEAR,COUNTY,IOWA,19,197,NORTH CENTRAL,20,WRIGHT,CORN,197,,19197
2020,YEAR,COUNTY,IOWA,19,1,SOUTHWEST,70,ADAIR,CORN,169.7,3.7,19001
2020,YEAR,COUNTY,IOWA,19,3,SOUTHWEST,70,ADAMS,CORN,174.2,1.7,19003
2020,YEAR,COUNTY,IOWA,19,5,NORTHEAST,30,ALLAMAKEE,CORN,197.4,3.3,19005
2020,YEAR,COUNTY,IOWA,19,7,SOUTH CENTRAL,80,APPANOOSE,CORN,145,3.1,19007
2020,YEAR,COUNTY,IOWA,19,9,WEST CENTRAL,40,AUDUBON,CORN,171.7,2.5,19009
2020,YEAR,COUNTY,IOWA,19,11,EAST CENTRAL,60,BENTON,CORN,145.6,5.9,19011
2020,YEAR,COUNTY,IOWA,19,13,NORTHEAST,30,BLACK HAWK,CORN,170.8,2.3,19013
2020,YEAR,COUNTY,IOWA,19,15,CENTRAL,50,BOONE,CORN,161.6,3.5,19015
2020,YEAR,COUNTY,IOWA,19,17,NORTHEAST,30,BREMER,CORN,188.7,1.2,19017
2020,YEAR,COUNTY,IOWA,19,19,NORTHEAST,30,BUCHANAN,CORN,189.3,1,19019
2020,YEAR,COUNTY,IOWA,19,21,NORTHWEST,10,BUENA VISTA,CORN,184.9,2.9,19021
2020,YEAR,COUNTY,IOWA,19,23,NORTH CENTRAL,20,BUTLER,CORN,193.9,2.9,19023
2020,YEAR,COUNTY,IOWA,19,25,WEST CENTRAL,40,CALHOUN,CORN,160.5,2.7,19025
2020,YEAR,COUNTY,IOWA,19,27,WEST CENTRAL,40,CARROLL,CORN,151.4,1,19027
2020,YEAR,COUNTY,IOWA,19,29,SOUTHWEST,70,CASS,CORN,178.5,2.9,19029
2020,YEAR,COUNTY,IOWA,19,31,EAST CENTRAL,60,CEDAR,CORN,154.1,2.3,19031
2020,YEAR,COUNTY,IOWA,19,33,NORTH CENTRAL,20,CERRO GORDO,CORN,183.6,2.7,19033
2020,YEAR,COUNTY,IOWA,19,35,NORTHWEST,10,CHEROKEE,CORN,186.8,2.1,19035
2020,YEAR,COUNTY,IOWA,19,37,NORTHEAST,30,CHICKASAW,CORN,186.8,1.9,19037
2020,YEAR,COUNTY,IOWA,19,39,SOUTH CENTRAL,80,CLARKE,CORN,156.1,3.6,19039
2020,YEAR,COUNTY,IOWA,19,41,NORTHWEST,10,CLAY,CORN,169.1,3.4,19041
2020,YEAR,COUNTY,IOWA,19,43,NORTHEAST,30,CLAYTON,CORN,192.1,3.6,19043
2020,YEAR,COUNTY,IOWA,19,45,EAST CENTRAL,60,CLINTON,CORN,179.4,2.9,19045
2020,YEAR,COUNTY,IOWA,19,47,WEST CENTRAL,40,CRAWFORD,CORN,182.3,1.9,19047
2020,YEAR,COUNTY,IOWA,19,49,CENTRAL,50,DALLAS,CORN,140.5,4.6,19049
2020,YEAR,COUNTY,IOWA,19,51,SOUTHEAST,90,DAVIS,CORN,170.9,1.5,19051
2020,YEAR,COUNTY,IOWA,19,53,SOUTH CENTRAL,80,DECATUR,CORN,160.2,2.9,19053
2020,YEAR,COUNTY,IOWA,19,55,NORTHEAST,30,DELAWARE,CORN,191.5,2.2,19055
2020,YEAR,COUNTY,IOWA,19,57,SOUTHEAST,90,DES MOINES,CORN,191.3,2.6,19057
2020,YEAR,COUNTY,IOWA,19,59,NORTHWEST,10,DICKINSON,CORN,183.2,1.4,19059
2020,YEAR,COUNTY,IOWA,19,61,NORTHEAST,30,DUBUQUE,CORN,198.3,3,19061
2020,YEAR,COUNTY,IOWA,19,63,NORTHWEST,10,EMMET,CORN,187.2,1.6,19063
2020,YEAR,COUNTY,IOWA,19,65,NORTHEAST,30,FAYETTE,CORN,181.1,1.1,19065
2020,YEAR,COUNTY,IOWA,19,67,NORTH CENTRAL,20,FLOYD,CORN,188.5,1.8,19067
2020,YEAR,COUNTY,IOWA,19,69,NORTH CENTRAL,20,FRANKLIN,CORN,181.1,1.7,19069
2020,YEAR,COUNTY,IOWA,19,71,SOUTHWEST,70,FREMONT,CORN,195.9,2.2,19071
2020,YEAR,COUNTY,IOWA,19,73,WEST CENTRAL,40,GREENE,CORN,154.6,4.1,19073
2020,YEAR,COUNTY,IOWA,19,75,CENTRAL,50,GRUNDY,CORN,183.7,2.8,19075
2020,YEAR,COUNTY,IOWA,19,77,WEST CENTRAL,40,GUTHRIE,CORN,152.2,5.7,19077
2020,YEAR,COUNTY,IOWA,19,79,CENTRAL,50,HAMILTON,CORN,167.2,3.8,19079
2020,YEAR,COUNTY,IOWA,19,81,NORTH CENTRAL,20,HANCOCK,CORN,201.2,1.3,19081
2020,YEAR,COUNTY,IOWA,19,83,CENTRAL,50,HARDIN,CORN,156.6,4.4,19083
2020,YEAR,COUNTY,IOWA,19,85,WEST CENTRAL,40,HARRISON,CORN,181.2,1.7,19085
2020,YEAR,COUNTY,IOWA,19,87,SOUTHEAST,90,HENRY,CORN,173,2.5,19087
2020,YEAR,COUNTY,IOWA,19,89,NORTHEAST,30,HOWARD,CORN,189.7,1.4,19089
2020,YEAR,COUNTY,IOWA,19,91,NORTH CENTRAL,20,HUMBOLDT,CORN,189.5,2.8,19091
2020,YEAR,COUNTY,IOWA,19,93,WEST CENTRAL,40,IDA,CORN,189.3,1.7,19093
2020,YEAR,COUNTY,IOWA,19,95,EAST CENTRAL,60,IOWA,CORN,151.9,5.3,19095
2020,YEAR,COUNTY,IOWA,19,97,EAST CENTRAL,60,JACKSON,CORN,186.7,2.5,19097
2020,YEAR,COUNTY,IOWA,19,101,SOUTHEAST,90,JEFFERSON,CORN,168.3,2.3,19101
2020,YEAR,COUNTY,IOWA,19,103,EAST CENTRAL,60,JOHNSON,CORN,162.2,4.3,19103
2020,YEAR,COUNTY,IOWA,19,105,EAST CENTRAL,60,JONES,CORN,172.6,1.8,19105
2020,YEAR,COUNTY,IOWA,19,107,SOUTHEAST,90,KEOKUK,CORN,164.4,2,19107
2020,YEAR,COUNTY,IOWA,19,109,NORTH CENTRAL,20,KOSSUTH,CORN,191.5,1.7,19109
2020,YEAR,COUNTY,IOWA,19,111,SOUTHEAST,90,LEE,CORN,175.3,2.1,19111
2020,YEAR,COUNTY,IOWA,19,113,EAST CENTRAL,60,LINN,CORN,165.9,3.9,19113
2020,YEAR,COUNTY,IOWA,19,115,SOUTHEAST,90,LOUISA,CORN,182.6,3.3,19115
2020,YEAR,COUNTY,IOWA,19,117,SOUTH CENTRAL,80,LUCAS,CORN,150.1,2.3,19117
2020,YEAR,COUNTY,IOWA,19,119,NORTHWEST,10,LYON,CORN,198.1,2.9,19119
2020,YEAR,COUNTY,IOWA,19,121,SOUTH CENTRAL,80,MADISON,CORN,172.9,4.6,19121
2020,YEAR,COUNTY,IOWA,19,123,SOUTHEAST,90,MAHASKA,CORN,181.8,2.5,19123
2020,YEAR,COUNTY,IOWA,19,129,SOUTHWEST,70,MILLS,CORN,183.2,4,19129
2020,YEAR,COUNTY,IOWA,19,131,NORTH CENTRAL,20,MITCHELL,CORN,204.5,1.8,19131
2020,YEAR,COUNTY,IOWA,19,133,WEST CENTRAL,40,MONONA,CORN,179.4,4.4,19133
2020,YEAR,COUNTY,IOWA,19,135,SOUTH CENTRAL,80,MONROE,CORN,156,5.7,19135
2020,YEAR,COUNTY,IOWA,19,137,SOUTHWEST,70,MONTGOMERY,CORN,185.6,2.5,19137
2020,YEAR,COUNTY,IOWA,19,139,EAST CENTRAL,60,MUSCATINE,CORN,173.8,3.8,19139
2020,YEAR,COUNTY,IOWA,19,141,NORTHWEST,10,O BRIEN,CORN,200.6,1.6,19141
2020,YEAR,COUNTY,IOWA,19,143,NORTHWEST,10,OSCEOLA,CORN,186.3,0.8,19143
2020,YEAR,COUNTY,IOWA,19,145,SOUTHWEST,70,PAGE,CORN,182.6,3.2,19145
2020,YEAR,COUNTY,IOWA,19,147,NORTHWEST,10,PALO ALTO,CORN,182.1,2,19147
2020,YEAR,COUNTY,IOWA,19,151,NORTHWEST,10,POCAHONTAS,CORN,187.3,1.4,19151
2020,YEAR,COUNTY,IOWA,19,153,CENTRAL,50,POLK,CORN,151,3.7,19153
2020,YEAR,COUNTY,IOWA,19,155,SOUTHWEST,70,POTTAWATTAMIE,CORN,177.3,4,19155
2020,YEAR,COUNTY,IOWA,19,157,CENTRAL,50,POWESHIEK,CORN,139,4.6,19157
2020,YEAR,COUNTY,IOWA,19,159,SOUTH CENTRAL,80,RINGGOLD,CORN,160,4.2,19159
2020,YEAR,COUNTY,IOWA,19,161,WEST CENTRAL,40,SAC,CORN,161.9,3.8,19161
2020,YEAR,COUNTY,IOWA,19,163,EAST CENTRAL,60,SCOTT,CORN,182.3,1.6,19163
2020,YEAR,COUNTY,IOWA,19,165,WEST CENTRAL,40,SHELBY,CORN,191.6,2.7,19165
2020,YEAR,COUNTY,IOWA,19,167,NORTHWEST,10,SIOUX,CORN,203,2.7,19167
2020,YEAR,COUNTY,IOWA,19,169,CENTRAL,50,STORY,CORN,149.2,2.6,19169
2020,YEAR,COUNTY,IOWA,19,171,CENTRAL,50,TAMA,CORN,133.5,4.9,19171
2020,YEAR,COUNTY,IOWA,19,173,SOUTHWEST,70,TAYLOR,CORN,167.2,2.2,19173
2020,YEAR,COUNTY,IOWA,19,175,SOUTH CENTRAL,80,UNION,CORN,180.7,2.1,19175
2020,YEAR,COUNTY,IOWA,19,177,SOUTHEAST,90,VAN BUREN,CORN,154.4,2.6,19177
2020,YEAR,COUNTY,IOWA,19,179,SOUTHEAST,90,WAPELLO,CORN,171.6,2.1,19179
2020,YEAR,COUNTY,IOWA,19,181,SOUTH CENTRAL,80,WARREN,CORN,169,4.4,19181
2020,YEAR,COUNTY,IOWA,19,183,SOUTHEAST,90,WASHINGTON,CORN,186.5,3.2,19183
2020,YEAR,COUNTY,IOWA,19,185,SOUTH CENTRAL,80,WAYNE,CORN,169.7,2.7,19185
2020,YEAR,COUNTY,IOWA,19,187,CENTRAL,50,WEBSTER,CORN,174,2.5,19187
2020,YEAR,COUNTY,IOWA,19,189,NORTH CENTRAL,20,WINNEBAGO,CORN,208.3,1.3,19189
2020,YEAR,COUNTY,IOWA,19,191,NORTHEAST,30,WINNESHIEK,CORN,179.2,1.2,19191
2020,YEAR,COUNTY,IOWA,19,193,WEST CENTRAL,40,WOODBURY,CORN,192.1,2.1,19193
2020,YEAR,COUNTY,IOWA,19,195,NORTH CENTRAL,20,WORTH,CORN,206.9,2.4,19195
2020,YEAR,COUNTY,IOWA,19,197,NORTH CENTRAL,20,WRIGHT,CORN,187.1,1.7,19197
