year,name,rate,code
2008,Adair County,46.6,19001
2014,Adair County,46.8,19001
2009,Adair County,47.4,19001
2019,Adair County,47.6,19001
2013,Adair County,47.6,19001
2018,Adair County,48.2,19001
2010,Adair County,48.6,19001
2003,Adair County,48.8,19001
2011,Adair County,49,19001
2004,Adair County,49.1,19001
2007,Adair County,49.5,19001
2001,Adair County,49.8,19001
2000,Adair County,49.8,19001
2020,Adair County,49.9,19001
2002,Adair County,49.9,19001
2005,Adair County,50.2,19001
2015,Adair County,50.3,19001
2017,Adair County,51.1,19001
2006,Adair County,51.2,19001
2016,Adair County,51.6,19001
2012,Adair County,53,19001
2008,Adams County,47.6,19003
2014,Adams County,47.7,19003
2009,Adams County,48,19003
2019,Adams County,48.4,19003
2013,Adams County,48.5,19003
2018,Adams County,49.1,19003
2010,Adams County,49.2,19003
2003,Adams County,49.6,19003
2011,Adams County,49.7,19003
2004,Adams County,49.9,19003
2000,Adams County,50.3,19003
2007,Adams County,50.4,19003
2001,Adams County,50.4,19003
2002,Adams County,50.5,19003
2020,Adams County,50.6,19003
2015,Adams County,50.9,19003
2005,Adams County,51.1,19003
2017,Adams County,51.7,19003
2006,Adams County,52,19003
2016,Adams County,52.5,19003
2012,Adams County,53.7,19003
2014,Allamakee County,43,19005
2008,Allamakee County,43.9,19005
2013,Allamakee County,44.5,19005
2009,Allamakee County,44.8,19005
2019,Allamakee County,45,19005
2003,Allamakee County,45.8,19005
2018,Allamakee County,45.9,19005
2000,Allamakee County,46.5,19005
2011,Allamakee County,46.6,19005
2004,Allamakee County,46.6,19005
2007,Allamakee County,46.8,19005
2020,Allamakee County,47.1,19005
2010,Allamakee County,47.2,19005
2015,Allamakee County,47.4,19005
2001,Allamakee County,47.4,19005
2005,Allamakee County,47.5,19005
2002,Allamakee County,47.6,19005
2017,Allamakee County,47.8,19005
2006,Allamakee County,48.5,19005
2016,Allamakee County,48.6,19005
2012,Allamakee County,50.1,19005
2014,Appanoose County,47.8,19007
2008,Appanoose County,48.5,19007
2009,Appanoose County,49.4,19007
2013,Appanoose County,49.5,19007
2019,Appanoose County,49.6,19007
2018,Appanoose County,50.4,19007
2003,Appanoose County,50.4,19007
2010,Appanoose County,50.6,19007
2004,Appanoose County,50.7,19007
2011,Appanoose County,51.1,19007
2000,Appanoose County,51.2,19007
2020,Appanoose County,51.3,19007
2001,Appanoose County,51.4,19007
2015,Appanoose County,51.5,19007
2002,Appanoose County,51.5,19007
2007,Appanoose County,51.7,19007
2005,Appanoose County,52,19007
2017,Appanoose County,52.6,19007
2006,Appanoose County,52.9,19007
2016,Appanoose County,53,19007
2012,Appanoose County,54.7,19007
2014,Audubon County,45.8,19009
2008,Audubon County,46,19009
2009,Audubon County,46.5,19009
2013,Audubon County,46.6,19009
2019,Audubon County,46.9,19009
2018,Audubon County,47.4,19009
2010,Audubon County,47.6,19009
2011,Audubon County,47.9,19009
2003,Audubon County,47.9,19009
2004,Audubon County,48.5,19009
2007,Audubon County,48.9,19009
2002,Audubon County,49,19009
2001,Audubon County,49,19009
2000,Audubon County,49,19009
2015,Audubon County,49.3,19009
2020,Audubon County,49.4,19009
2005,Audubon County,49.5,19009
2017,Audubon County,50.2,19009
2006,Audubon County,50.4,19009
2016,Audubon County,50.7,19009
2012,Audubon County,51.7,19009
2014,Benton County,44.3,19011
2008,Benton County,45.5,19011
2019,Benton County,45.7,19011
2009,Benton County,46.4,19011
2018,Benton County,46.8,19011
2013,Benton County,46.8,19011
2003,Benton County,47.3,19011
2020,Benton County,48,19011
2004,Benton County,48.2,19011
2000,Benton County,48.2,19011
2010,Benton County,48.3,19011
2015,Benton County,48.5,19011
2011,Benton County,48.7,19011
2007,Benton County,48.7,19011
2001,Benton County,48.7,19011
2017,Benton County,48.9,19011
2005,Benton County,49.1,19011
2002,Benton County,49.1,19011
2006,Benton County,49.8,19011
2016,Benton County,49.9,19011
2012,Benton County,51.8,19011
2014,Black Hawk County,43.9,19013
2008,Black Hawk County,44.9,19013
2013,Black Hawk County,45.6,19013
2019,Black Hawk County,45.8,19013
2009,Black Hawk County,45.8,19013
2018,Black Hawk County,46.3,19013
2003,Black Hawk County,47.2,19013
2010,Black Hawk County,47.4,19013
2011,Black Hawk County,47.8,19013
2007,Black Hawk County,47.8,19013
2004,Black Hawk County,47.8,19013
2000,Black Hawk County,47.8,19013
2001,Black Hawk County,48.2,19013
2015,Black Hawk County,48.3,19013
2005,Black Hawk County,48.3,19013
2020,Black Hawk County,48.5,19013
2017,Black Hawk County,48.7,19013
2002,Black Hawk County,48.7,19013
2006,Black Hawk County,49.2,19013
2016,Black Hawk County,49.5,19013
2012,Black Hawk County,51.3,19013
2014,Boone County,45.8,19015
2008,Boone County,46,19015
2013,Boone County,46.9,19015
2009,Boone County,46.9,19015
2019,Boone County,47.2,19015
2018,Boone County,48.1,19015
2010,Boone County,48.2,19015
2003,Boone County,48.2,19015
2011,Boone County,48.6,19015
2004,Boone County,48.7,19015
2007,Boone County,49,19015
2000,Boone County,49.1,19015
2015,Boone County,49.4,19015
2002,Boone County,49.5,19015
2001,Boone County,49.5,19015
2020,Boone County,49.7,19015
2005,Boone County,49.7,19015
2017,Boone County,50.6,19015
2006,Boone County,50.7,19015
2016,Boone County,51.2,19015
2012,Boone County,52.4,19015
2014,Bremer County,43,19017
2008,Bremer County,43.9,19017
2013,Bremer County,44.8,19017
2009,Bremer County,45.1,19017
2019,Bremer County,45.3,19017
2018,Bremer County,45.9,19017
2003,Bremer County,46.3,19017
2010,Bremer County,46.7,19017
2011,Bremer County,46.8,19017
2007,Bremer County,46.9,19017
2000,Bremer County,47,19017
2004,Bremer County,47.1,19017
2001,Bremer County,47.5,19017
2005,Bremer County,47.6,19017
2020,Bremer County,47.7,19017
2015,Bremer County,47.8,19017
2002,Bremer County,47.8,19017
2017,Bremer County,48.3,19017
2006,Bremer County,48.6,19017
2016,Bremer County,49.1,19017
2012,Bremer County,50.5,19017
2014,Buchanan County,43.5,19019
2008,Buchanan County,44.8,19019
2019,Buchanan County,45,19019
2013,Buchanan County,45.5,19019
2009,Buchanan County,45.7,19019
2018,Buchanan County,45.8,19019
2003,Buchanan County,46.7,19019
2020,Buchanan County,47.3,19019
2010,Buchanan County,47.4,19019
2000,Buchanan County,47.4,19019
2004,Buchanan County,47.5,19019
2011,Buchanan County,47.6,19019
2015,Buchanan County,47.7,19019
2007,Buchanan County,47.7,19019
2001,Buchanan County,48,19019
2017,Buchanan County,48.1,19019
2005,Buchanan County,48.2,19019
2002,Buchanan County,48.4,19019
2016,Buchanan County,48.9,19019
2006,Buchanan County,49,19019
2012,Buchanan County,51,19019
2008,Buena Vista County,44.2,19021
2014,Buena Vista County,44.5,19021
2013,Buena Vista County,45,19021
2019,Buena Vista County,45.1,19021
2009,Buena Vista County,45.3,19021
2018,Buena Vista County,45.8,19021
2010,Buena Vista County,46.5,19021
2011,Buena Vista County,46.6,19021
2003,Buena Vista County,46.6,19021
2000,Buena Vista County,46.9,19021
2004,Buena Vista County,47,19021
2007,Buena Vista County,47.4,19021
2002,Buena Vista County,47.4,19021
2001,Buena Vista County,47.6,19021
2020,Buena Vista County,48,19021
2015,Buena Vista County,48.3,19021
2005,Buena Vista County,48.4,19021
2017,Buena Vista County,48.7,19021
2006,Buena Vista County,49.3,19021
2016,Buena Vista County,49.5,19021
2012,Buena Vista County,50.5,19021
2014,Butler County,43.7,19023
2008,Butler County,44.5,19023
2013,Butler County,45.1,19023
2019,Butler County,45.4,19023
2009,Butler County,45.4,19023
2018,Butler County,46,19023
2003,Butler County,46.7,19023
2011,Butler County,47.1,19023
2010,Butler County,47.1,19023
2007,Butler County,47.2,19023
2004,Butler County,47.3,19023
2000,Butler County,47.4,19023
2001,Butler County,47.7,19023
2020,Butler County,47.9,19023
2015,Butler County,47.9,19023
2005,Butler County,48,19023
2002,Butler County,48.2,19023
2017,Butler County,48.5,19023
2006,Butler County,49,19023
2016,Butler County,49.1,19023
2012,Butler County,50.9,19023
2008,Calhoun County,45.1,19025
2014,Calhoun County,45.2,19025
2013,Calhoun County,46,19025
2009,Calhoun County,46,19025
2019,Calhoun County,46.1,19025
2018,Calhoun County,46.9,19025
2010,Calhoun County,47.2,19025
2003,Calhoun County,47.3,19025
2011,Calhoun County,47.5,19025
2004,Calhoun County,48,19025
2000,Calhoun County,48.1,19025
2007,Calhoun County,48.2,19025
2002,Calhoun County,48.3,19025
2001,Calhoun County,48.4,19025
2020,Calhoun County,48.9,19025
2015,Calhoun County,48.9,19025
2005,Calhoun County,49,19025
2017,Calhoun County,49.7,19025
2006,Calhoun County,49.8,19025
2016,Calhoun County,50.2,19025
2012,Calhoun County,51.6,19025
2014,Carroll County,45.6,19027
2008,Carroll County,45.7,19027
2009,Carroll County,46.2,19027
2013,Carroll County,46.3,19027
2019,Carroll County,46.9,19027
2018,Carroll County,47.3,19027
2010,Carroll County,47.4,19027
2011,Carroll County,47.6,19027
2003,Carroll County,47.7,19027
2004,Carroll County,48.2,19027
2007,Carroll County,48.7,19027
2000,Carroll County,48.7,19027
2002,Carroll County,48.8,19027
2001,Carroll County,48.8,19027
2015,Carroll County,49,19027
2005,Carroll County,49.4,19027
2020,Carroll County,49.5,19027
2017,Carroll County,50.1,19027
2006,Carroll County,50.2,19027
2016,Carroll County,50.5,19027
2012,Carroll County,51.7,19027
2014,Cass County,46.9,19029
2008,Cass County,47.3,19029
2009,Cass County,47.6,19029
2013,Cass County,47.7,19029
2019,Cass County,48.1,19029
2018,Cass County,48.6,19029
2010,Cass County,48.7,19029
2003,Cass County,49,19029
2011,Cass County,49.2,19029
2004,Cass County,49.4,19029
2007,Cass County,49.9,19029
2002,Cass County,50,19029
2001,Cass County,50,19029
2000,Cass County,50,19029
2020,Cass County,50.3,19029
2015,Cass County,50.3,19029
2005,Cass County,50.5,19029
2017,Cass County,51.4,19029
2006,Cass County,51.4,19029
2016,Cass County,51.9,19029
2012,Cass County,53,19029
2014,Cedar County,45.3,19031
2008,Cedar County,46.9,19031
2013,Cedar County,47.5,19031
2009,Cedar County,47.5,19031
2019,Cedar County,47.7,19031
2018,Cedar County,48.2,19031
2003,Cedar County,48.5,19031
2015,Cedar County,49.1,19031
2000,Cedar County,49.2,19031
2010,Cedar County,49.3,19031
2020,Cedar County,49.6,19031
2011,Cedar County,49.6,19031
2004,Cedar County,49.6,19031
2007,Cedar County,49.8,19031
2002,Cedar County,50,19031
2001,Cedar County,50.1,19031
2017,Cedar County,50.3,19031
2005,Cedar County,50.4,19031
2016,Cedar County,51.1,19031
2006,Cedar County,51.1,19031
2012,Cedar County,52.5,19031
2014,Cerro Gordo County,42.8,19033
2008,Cerro Gordo County,43.6,19033
2013,Cerro Gordo County,44.2,19033
2009,Cerro Gordo County,44.3,19033
2019,Cerro Gordo County,44.4,19033
2018,Cerro Gordo County,45.1,19033
2003,Cerro Gordo County,45.6,19033
2010,Cerro Gordo County,46,19033
2004,Cerro Gordo County,46.1,19033
2011,Cerro Gordo County,46.2,19033
2007,Cerro Gordo County,46.3,19033
2000,Cerro Gordo County,46.3,19033
2001,Cerro Gordo County,46.6,19033
2020,Cerro Gordo County,46.9,19033
2002,Cerro Gordo County,47,19033
2015,Cerro Gordo County,47.3,19033
2005,Cerro Gordo County,47.4,19033
2017,Cerro Gordo County,47.6,19033
2006,Cerro Gordo County,48,19033
2016,Cerro Gordo County,48.4,19033
2012,Cerro Gordo County,50.1,19033
2008,Cherokee County,44.4,19035
2014,Cherokee County,44.8,19035
2019,Cherokee County,44.9,19035
2013,Cherokee County,45.4,19035
2009,Cherokee County,45.4,19035
2018,Cherokee County,45.7,19035
2010,Cherokee County,46.6,19035
2011,Cherokee County,46.8,19035
2003,Cherokee County,46.8,19035
2000,Cherokee County,47.2,19035
2004,Cherokee County,47.4,19035
2007,Cherokee County,47.8,19035
2002,Cherokee County,47.8,19035
2001,Cherokee County,47.8,19035
2020,Cherokee County,48.1,19035
2015,Cherokee County,48.4,19035
2017,Cherokee County,48.6,19035
2005,Cherokee County,48.8,19035
2006,Cherokee County,49.4,19035
2016,Cherokee County,49.5,19035
2012,Cherokee County,50.7,19035
2014,Chickasaw County,42.1,19037
2008,Chickasaw County,42.8,19037
2013,Chickasaw County,43.9,19037
2009,Chickasaw County,44,19037
2019,Chickasaw County,44.2,19037
2018,Chickasaw County,44.8,19037
2003,Chickasaw County,45.1,19037
2010,Chickasaw County,45.6,19037
2011,Chickasaw County,45.8,19037
2000,Chickasaw County,45.8,19037
2007,Chickasaw County,45.9,19037
2004,Chickasaw County,45.9,19037
2020,Chickasaw County,46.4,19037
2005,Chickasaw County,46.6,19037
2015,Chickasaw County,46.7,19037
2001,Chickasaw County,46.7,19037
2002,Chickasaw County,46.8,19037
2017,Chickasaw County,47.2,19037
2006,Chickasaw County,47.9,19037
2016,Chickasaw County,48,19037
2012,Chickasaw County,49.7,19037
2008,Clarke County,47.6,19039
2014,Clarke County,47.7,19039
2013,Clarke County,48.5,19039
2009,Clarke County,48.5,19039
2019,Clarke County,49,19039
2018,Clarke County,49.8,19039
2010,Clarke County,49.8,19039
2003,Clarke County,49.8,19039
2004,Clarke County,50,19039
2011,Clarke County,50.1,19039
2000,Clarke County,50.4,19039
2001,Clarke County,50.6,19039
2007,Clarke County,50.7,19039
2002,Clarke County,50.7,19039
2020,Clarke County,51.1,19039
2015,Clarke County,51.2,19039
2005,Clarke County,51.4,19039
2006,Clarke County,52.2,19039
2017,Clarke County,52.4,19039
2016,Clarke County,52.6,19039
2012,Clarke County,53.6,19039
2008,Clay County,43.6,19041
2014,Clay County,43.8,19041
2019,Clay County,44.6,19041
2009,Clay County,44.7,19041
2013,Clay County,44.8,19041
2018,Clay County,45.1,19041
2003,Clay County,45.9,19041
2010,Clay County,46,19041
2000,Clay County,46.1,19041
2011,Clay County,46.2,19041
2004,Clay County,46.7,19041
2007,Clay County,46.8,19041
2001,Clay County,46.9,19041
2002,Clay County,47,19041
2020,Clay County,47.6,19041
2005,Clay County,47.8,19041
2017,Clay County,48.1,19041
2015,Clay County,48.1,19041
2006,Clay County,48.4,19041
2016,Clay County,49,19041
2012,Clay County,50.3,19041
2014,Clayton County,43.3,19043
2008,Clayton County,44.2,19043
2013,Clayton County,44.8,19043
2009,Clayton County,45,19043
2019,Clayton County,45.4,19043
2003,Clayton County,46.2,19043
2018,Clayton County,46.4,19043
2000,Clayton County,46.9,19043
2011,Clayton County,47,19043
2010,Clayton County,47.1,19043
2007,Clayton County,47.1,19043
2004,Clayton County,47.1,19043
2015,Clayton County,47.3,19043
2020,Clayton County,47.5,19043
2001,Clayton County,47.6,19043
2005,Clayton County,47.7,19043
2002,Clayton County,47.9,19043
2017,Clayton County,48.4,19043
2006,Clayton County,48.6,19043
2016,Clayton County,49,19043
2012,Clayton County,50.3,19043
2014,Clinton County,45.9,19045
2008,Clinton County,47,19045
2013,Clinton County,47.6,19045
2009,Clinton County,47.6,19045
2019,Clinton County,48.5,19045
2003,Clinton County,48.5,19045
2018,Clinton County,48.9,19045
2000,Clinton County,49.2,19045
2011,Clinton County,49.5,19045
2010,Clinton County,49.5,19045
2004,Clinton County,49.5,19045
2015,Clinton County,49.8,19045
2007,Clinton County,49.8,19045
2001,Clinton County,50.1,19045
2002,Clinton County,50.2,19045
2005,Clinton County,50.4,19045
2020,Clinton County,50.9,19045
2017,Clinton County,50.9,19045
2006,Clinton County,51,19045
2016,Clinton County,51.8,19045
2012,Clinton County,52.4,19045
2008,Crawford County,45.8,19047
2014,Crawford County,45.9,19047
2009,Crawford County,46.2,19047
2013,Crawford County,46.3,19047
2019,Crawford County,46.9,19047
2018,Crawford County,47.3,19047
2010,Crawford County,47.5,19047
2011,Crawford County,47.7,19047
2003,Crawford County,47.8,19047
2004,Crawford County,48.2,19047
2002,Crawford County,48.6,19047
2000,Crawford County,48.6,19047
2007,Crawford County,48.7,19047
2001,Crawford County,48.8,19047
2015,Crawford County,49.2,19047
2005,Crawford County,49.5,19047
2020,Crawford County,49.8,19047
2017,Crawford County,50,19047
2006,Crawford County,50.2,19047
2016,Crawford County,50.6,19047
2012,Crawford County,51.8,19047
2014,Dallas County,46.7,19049
2008,Dallas County,46.9,19049
2009,Dallas County,47.8,19049
2013,Dallas County,47.9,19049
2019,Dallas County,48,19049
2018,Dallas County,48.9,19049
2010,Dallas County,48.9,19049
2003,Dallas County,49,19049
2011,Dallas County,49.4,19049
2004,Dallas County,49.4,19049
2007,Dallas County,49.9,19049
2000,Dallas County,49.9,19049
2001,Dallas County,50.2,19049
2015,Dallas County,50.3,19049
2002,Dallas County,50.3,19049
2020,Dallas County,50.4,19049
2005,Dallas County,50.6,19049
2017,Dallas County,51.7,19049
2006,Dallas County,51.7,19049
2016,Dallas County,52.3,19049
2012,Dallas County,53.2,19049
2014,Davis County,47.9,19051
2008,Davis County,48.8,19051
2009,Davis County,49.4,19051
2013,Davis County,49.7,19051
2019,Davis County,50,19051
2003,Davis County,50.3,19051
2018,Davis County,50.4,19051
2010,Davis County,50.8,19051
2004,Davis County,50.8,19051
2000,Davis County,51.3,19051
2020,Davis County,51.4,19051
2011,Davis County,51.4,19051
2002,Davis County,51.7,19051
2001,Davis County,51.7,19051
2007,Davis County,51.8,19051
2015,Davis County,51.9,19051
2005,Davis County,52.2,19051
2017,Davis County,52.5,19051
2006,Davis County,53,19051
2016,Davis County,53.1,19051
2012,Davis County,54.7,19051
2008,Decatur County,48.2,19053
2014,Decatur County,48.3,19053
2009,Decatur County,49.1,19053
2013,Decatur County,49.2,19053
2019,Decatur County,49.8,19053
2010,Decatur County,50.4,19053
2003,Decatur County,50.4,19053
2018,Decatur County,50.6,19053
2004,Decatur County,50.6,19053
2011,Decatur County,50.8,19053
2000,Decatur County,50.9,19053
2001,Decatur County,51,19053
2007,Decatur County,51.3,19053
2002,Decatur County,51.3,19053
2020,Decatur County,51.6,19053
2005,Decatur County,51.8,19053
2015,Decatur County,52,19053
2006,Decatur County,52.6,19053
2017,Decatur County,52.9,19053
2016,Decatur County,53.2,19053
2012,Decatur County,54.3,19053
2014,Delaware County,43.6,19055
2008,Delaware County,44.5,19055
2013,Delaware County,45.3,19055
2009,Delaware County,45.5,19055
2019,Delaware County,45.7,19055
2018,Delaware County,46.5,19055
2003,Delaware County,46.6,19055
2000,Delaware County,47.2,19055
2011,Delaware County,47.3,19055
2010,Delaware County,47.3,19055
2004,Delaware County,47.3,19055
2007,Delaware County,47.4,19055
2015,Delaware County,47.6,19055
2020,Delaware County,47.7,19055
2001,Delaware County,47.9,19055
2005,Delaware County,48.1,19055
2002,Delaware County,48.1,19055
2017,Delaware County,48.6,19055
2006,Delaware County,48.9,19055
2016,Delaware County,49.3,19055
2012,Delaware County,50.6,19055
2014,Des Moines County,47.4,19057
2008,Des Moines County,49.3,19057
2013,Des Moines County,49.5,19057
2009,Des Moines County,49.8,19057
2019,Des Moines County,50.1,19057
2003,Des Moines County,50.4,19057
2018,Des Moines County,50.5,19057
2015,Des Moines County,51.2,19057
2000,Des Moines County,51.2,19057
2010,Des Moines County,51.4,19057
2004,Des Moines County,51.4,19057
2011,Des Moines County,51.5,19057
2020,Des Moines County,51.8,19057
2002,Des Moines County,52,19057
2001,Des Moines County,52,19057
2007,Des Moines County,52.2,19057
2005,Des Moines County,52.4,19057
2017,Des Moines County,52.8,19057
2006,Des Moines County,53,19057
2016,Des Moines County,53.1,19057
2012,Des Moines County,54.2,19057
2014,Dickinson County,43,19059
2008,Dickinson County,43.1,19059
2019,Dickinson County,43.5,19059
2009,Dickinson County,43.9,19059
2013,Dickinson County,44,19059
2018,Dickinson County,44.2,19059
2003,Dickinson County,45.3,19059
2010,Dickinson County,45.4,19059
2011,Dickinson County,45.5,19059
2000,Dickinson County,45.6,19059
2004,Dickinson County,45.9,19059
2007,Dickinson County,46.3,19059
2002,Dickinson County,46.3,19059
2001,Dickinson County,46.4,19059
2020,Dickinson County,46.6,19059
2017,Dickinson County,47,19059
2015,Dickinson County,47.2,19059
2005,Dickinson County,47.2,19059
2006,Dickinson County,47.7,19059
2016,Dickinson County,48.1,19059
2012,Dickinson County,49.7,19059
2014,Dubuque County,43.9,19061
2008,Dubuque County,45.2,19061
2013,Dubuque County,45.6,19061
2009,Dubuque County,45.9,19061
2019,Dubuque County,46.3,19061
2003,Dubuque County,46.9,19061
2018,Dubuque County,47.2,19061
2000,Dubuque County,47.5,19061
2004,Dubuque County,47.7,19061
2011,Dubuque County,47.8,19061
2007,Dubuque County,47.9,19061
2015,Dubuque County,48,19061
2010,Dubuque County,48,19061
2020,Dubuque County,48.2,19061
2002,Dubuque County,48.5,19061
2001,Dubuque County,48.5,19061
2005,Dubuque County,48.7,19061
2017,Dubuque County,49,19061
2006,Dubuque County,49.4,19061
2016,Dubuque County,49.7,19061
2012,Dubuque County,51,19061
2014,Emmet County,43,19063
2019,Emmet County,43.3,19063
2008,Emmet County,43.4,19063
2009,Emmet County,44,19063
2013,Emmet County,44.1,19063
2018,Emmet County,44.2,19063
2003,Emmet County,45.4,19063
2010,Emmet County,45.5,19063
2011,Emmet County,45.7,19063
2000,Emmet County,45.8,19063
2020,Emmet County,46.2,19063
2004,Emmet County,46.2,19063
2007,Emmet County,46.5,19063
2002,Emmet County,46.7,19063
2001,Emmet County,46.7,19063
2017,Emmet County,47.2,19063
2015,Emmet County,47.3,19063
2005,Emmet County,47.3,19063
2006,Emmet County,48,19063
2016,Emmet County,48.2,19063
2012,Emmet County,49.9,19063
2014,Fayette County,42.7,19065
2008,Fayette County,43.6,19065
2019,Fayette County,44.4,19065
2013,Fayette County,44.4,19065
2009,Fayette County,44.4,19065
2018,Fayette County,45.6,19065
2003,Fayette County,45.6,19065
2010,Fayette County,46.3,19065
2011,Fayette County,46.4,19065
2007,Fayette County,46.5,19065
2004,Fayette County,46.5,19065
2000,Fayette County,46.5,19065
2020,Fayette County,46.6,19065
2001,Fayette County,47,19065
2015,Fayette County,47.1,19065
2005,Fayette County,47.2,19065
2002,Fayette County,47.3,19065
2017,Fayette County,47.9,19065
2006,Fayette County,48.2,19065
2016,Fayette County,48.5,19065
2012,Fayette County,50,19065
2014,Floyd County,42.8,19067
2008,Floyd County,43.7,19067
2013,Floyd County,44.4,19067
2019,Floyd County,44.5,19067
2009,Floyd County,44.6,19067
2018,Floyd County,45.3,19067
2003,Floyd County,45.9,19067
2011,Floyd County,46.3,19067
2010,Floyd County,46.3,19067
2004,Floyd County,46.4,19067
2007,Floyd County,46.5,19067
2000,Floyd County,46.6,19067
2020,Floyd County,47,19067
2015,Floyd County,47.3,19067
2001,Floyd County,47.3,19067
2005,Floyd County,47.4,19067
2002,Floyd County,47.4,19067
2017,Floyd County,47.8,19067
2016,Floyd County,48.4,19067
2006,Floyd County,48.4,19067
2012,Floyd County,50.3,19067
2014,Franklin County,43.5,19069
2008,Franklin County,44.2,19069
2013,Franklin County,44.7,19069
2009,Franklin County,45,19069
2019,Franklin County,45.2,19069
2018,Franklin County,45.9,19069
2003,Franklin County,46.2,19069
2011,Franklin County,46.7,19069
2010,Franklin County,46.7,19069
2004,Franklin County,46.8,19069
2000,Franklin County,46.9,19069
2007,Franklin County,47,19069
2001,Franklin County,47,19069
2002,Franklin County,47.5,19069
2020,Franklin County,47.7,19069
2015,Franklin County,47.7,19069
2005,Franklin County,47.8,19069
2017,Franklin County,48.4,19069
2006,Franklin County,48.6,19069
2016,Franklin County,48.9,19069
2012,Franklin County,50.6,19069
2014,Fremont County,49.6,19071
2008,Fremont County,49.6,19071
2009,Fremont County,50,19071
2019,Fremont County,50.1,19071
2013,Fremont County,50.1,19071
2018,Fremont County,50.3,19071
2010,Fremont County,51.3,19071
2003,Fremont County,51.5,19071
2011,Fremont County,51.7,19071
2004,Fremont County,51.9,19071
2007,Fremont County,52.2,19071
2020,Fremont County,52.4,19071
2001,Fremont County,52.4,19071
2000,Fremont County,52.4,19071
2015,Fremont County,52.5,19071
2002,Fremont County,52.5,19071
2005,Fremont County,53,19071
2017,Fremont County,53.2,19071
2006,Fremont County,53.8,19071
2016,Fremont County,54.1,19071
2012,Fremont County,55.5,19071
2014,Greene County,45.8,19073
2008,Greene County,46,19073
2013,Greene County,46.7,19073
2009,Greene County,46.8,19073
2019,Greene County,47.1,19073
2018,Greene County,47.8,19073
2010,Greene County,47.8,19073
2003,Greene County,48,19073
2011,Greene County,48.1,19073
2004,Greene County,48.6,19073
2007,Greene County,49,19073
2000,Greene County,49,19073
2015,Greene County,49.3,19073
2002,Greene County,49.3,19073
2001,Greene County,49.3,19073
2020,Greene County,49.5,19073
2005,Greene County,49.8,19073
2006,Greene County,50.5,19073
2017,Greene County,50.6,19073
2016,Greene County,51.1,19073
2012,Greene County,52.1,19073
2014,Grundy County,44.3,19075
2008,Grundy County,44.8,19075
2013,Grundy County,45.5,19075
2009,Grundy County,45.8,19075
2019,Grundy County,46,19075
2018,Grundy County,46.6,19075
2003,Grundy County,46.9,19075
2010,Grundy County,47.3,19075
2011,Grundy County,47.6,19075
2004,Grundy County,47.6,19075
2007,Grundy County,47.8,19075
2000,Grundy County,47.8,19075
2001,Grundy County,48,19075
2005,Grundy County,48.3,19075
2020,Grundy County,48.4,19075
2015,Grundy County,48.4,19075
2002,Grundy County,48.4,19075
2017,Grundy County,49.1,19075
2006,Grundy County,49.4,19075
2016,Grundy County,49.7,19075
2012,Grundy County,51.2,19075
2014,Guthrie County,46.2,19077
2008,Guthrie County,46.2,19077
2009,Guthrie County,47,19077
2013,Guthrie County,47.1,19077
2019,Guthrie County,47.5,19077
2018,Guthrie County,47.9,19077
2010,Guthrie County,48.1,19077
2003,Guthrie County,48.3,19077
2011,Guthrie County,48.4,19077
2004,Guthrie County,48.8,19077
2007,Guthrie County,49.3,19077
2000,Guthrie County,49.3,19077
2001,Guthrie County,49.4,19077
2002,Guthrie County,49.5,19077
2015,Guthrie County,49.8,19077
2005,Guthrie County,49.9,19077
2020,Guthrie County,50,19077
2006,Guthrie County,50.7,19077
2017,Guthrie County,50.8,19077
2016,Guthrie County,51.3,19077
2012,Guthrie County,52.3,19077
2014,Hamilton County,44.3,19079
2008,Hamilton County,44.9,19079
2013,Hamilton County,45.6,19079
2019,Hamilton County,45.7,19079
2009,Hamilton County,46.1,19079
2018,Hamilton County,46.4,19079
2003,Hamilton County,47.1,19079
2011,Hamilton County,47.5,19079
2010,Hamilton County,47.6,19079
2004,Hamilton County,47.6,19079
2000,Hamilton County,47.9,19079
2007,Hamilton County,48,19079
2020,Hamilton County,48.1,19079
2015,Hamilton County,48.1,19079
2001,Hamilton County,48.2,19079
2002,Hamilton County,48.3,19079
2005,Hamilton County,48.7,19079
2017,Hamilton County,49,19079
2016,Hamilton County,49.6,19079
2006,Hamilton County,49.6,19079
2012,Hamilton County,51.1,19079
2014,Hancock County,42.9,19081
2008,Hancock County,43.6,19081
2013,Hancock County,44.2,19081
2009,Hancock County,44.2,19081
2019,Hancock County,44.3,19081
2018,Hancock County,44.7,19081
2010,Hancock County,45.8,19081
2003,Hancock County,45.8,19081
2011,Hancock County,46,19081
2000,Hancock County,46.1,19081
2004,Hancock County,46.3,19081
2007,Hancock County,46.4,19081
2001,Hancock County,46.5,19081
2002,Hancock County,46.8,19081
2020,Hancock County,46.9,19081
2015,Hancock County,47.2,19081
2017,Hancock County,47.3,19081
2005,Hancock County,47.5,19081
2006,Hancock County,48,19081
2016,Hancock County,48.3,19081
2012,Hancock County,50.1,19081
2014,Hardin County,44.1,19083
2008,Hardin County,44.7,19083
2013,Hardin County,45.4,19083
2009,Hardin County,45.8,19083
2019,Hardin County,46,19083
2018,Hardin County,46.7,19083
2003,Hardin County,46.9,19083
2010,Hardin County,47.3,19083
2011,Hardin County,47.4,19083
2004,Hardin County,47.5,19083
2000,Hardin County,47.7,19083
2007,Hardin County,47.9,19083
2001,Hardin County,47.9,19083
2015,Hardin County,48.2,19083
2002,Hardin County,48.2,19083
2020,Hardin County,48.3,19083
2005,Hardin County,48.5,19083
2017,Hardin County,49.2,19083
2006,Hardin County,49.5,19083
2016,Hardin County,49.6,19083
2012,Hardin County,51,19083
2008,Harrison County,47.4,19085
2009,Harrison County,47.9,19085
2014,Harrison County,48,19085
2019,Harrison County,48.1,19085
2013,Harrison County,48.1,19085
2018,Harrison County,48.4,19085
2010,Harrison County,49,19085
2011,Harrison County,49.1,19085
2003,Harrison County,49.4,19085
2004,Harrison County,49.9,19085
2007,Harrison County,50.2,19085
2000,Harrison County,50.2,19085
2002,Harrison County,50.4,19085
2001,Harrison County,50.5,19085
2020,Harrison County,50.6,19085
2015,Harrison County,51,19085
2005,Harrison County,51.2,19085
2017,Harrison County,51.5,19085
2006,Harrison County,51.8,19085
2016,Harrison County,52.3,19085
2012,Harrison County,53.2,19085
2014,Henry County,46.6,19087
2019,Henry County,48.8,19087
2013,Henry County,48.8,19087
2008,Henry County,49,19087
2018,Henry County,49.1,19087
2009,Henry County,49.7,19087
2015,Henry County,50.3,19087
2003,Henry County,50.3,19087
2020,Henry County,50.8,19087
2010,Henry County,50.8,19087
2004,Henry County,51.1,19087
2000,Henry County,51.1,19087
2011,Henry County,51.2,19087
2017,Henry County,51.7,19087
2001,Henry County,51.8,19087
2007,Henry County,51.9,19087
2002,Henry County,51.9,19087
2016,Henry County,52.2,19087
2005,Henry County,52.3,19087
2006,Henry County,53.1,19087
2012,Henry County,53.8,19087
2014,Howard County,41.6,19089
2008,Howard County,42.3,19089
2013,Howard County,43.1,19089
2009,Howard County,43.1,19089
2019,Howard County,43.2,19089
2018,Howard County,44,19089
2003,Howard County,44.3,19089
2004,Howard County,44.8,19089
2000,Howard County,44.9,19089
2010,Howard County,45,19089
2011,Howard County,45.2,19089
2007,Howard County,45.2,19089
2020,Howard County,45.6,19089
2001,Howard County,45.7,19089
2005,Howard County,45.9,19089
2002,Howard County,45.9,19089
2015,Howard County,46,19089
2017,Howard County,46.3,19089
2006,Howard County,47,19089
2016,Howard County,47.1,19089
2012,Howard County,49,19089
2014,Humboldt County,44.1,19091
2008,Humboldt County,44.6,19091
2013,Humboldt County,45.1,19091
2019,Humboldt County,45.2,19091
2009,Humboldt County,45.4,19091
2018,Humboldt County,45.8,19091
2010,Humboldt County,46.7,19091
2003,Humboldt County,46.7,19091
2011,Humboldt County,46.8,19091
2000,Humboldt County,47.2,19091
2004,Humboldt County,47.3,19091
2007,Humboldt County,47.4,19091
2001,Humboldt County,47.6,19091
2002,Humboldt County,47.7,19091
2020,Humboldt County,47.9,19091
2015,Humboldt County,48,19091
2005,Humboldt County,48.3,19091
2017,Humboldt County,48.6,19091
2006,Humboldt County,49.2,19091
2016,Humboldt County,49.3,19091
2012,Humboldt County,50.8,19091
2008,Ida County,45.1,19093
2014,Ida County,45.3,19093
2013,Ida County,45.7,19093
2009,Ida County,45.9,19093
2019,Ida County,46,19093
2018,Ida County,46.5,19093
2010,Ida County,47.2,19093
2011,Ida County,47.3,19093
2003,Ida County,47.4,19093
2004,Ida County,48,19093
2000,Ida County,48,19093
2002,Ida County,48.2,19093
2007,Ida County,48.3,19093
2001,Ida County,48.4,19093
2015,Ida County,48.6,19093
2020,Ida County,48.9,19093
2017,Ida County,49.2,19093
2005,Ida County,49.4,19093
2016,Ida County,50,19093
2006,Ida County,50.2,19093
2012,Ida County,51.1,19093
2014,Iowa County,45.6,19095
2008,Iowa County,46.4,19095
2009,Iowa County,47.3,19095
2013,Iowa County,47.5,19095
2019,Iowa County,47.7,19095
2003,Iowa County,48.1,19095
2018,Iowa County,48.7,19095
2010,Iowa County,49,19095
2004,Iowa County,49,19095
2011,Iowa County,49.2,19095
2000,Iowa County,49.2,19095
2007,Iowa County,49.5,19095
2001,Iowa County,49.6,19095
2015,Iowa County,49.7,19095
2020,Iowa County,49.8,19095
2002,Iowa County,49.8,19095
2005,Iowa County,50.1,19095
2017,Iowa County,50.8,19095
2006,Iowa County,50.8,19095
2016,Iowa County,51.7,19095
2012,Iowa County,52.3,19095
2014,Jackson County,45,19097
2008,Jackson County,46.2,19097
2013,Jackson County,46.8,19097
2009,Jackson County,46.8,19097
2019,Jackson County,47.7,19097
2003,Jackson County,47.8,19097
2018,Jackson County,48.3,19097
2000,Jackson County,48.5,19097
2011,Jackson County,48.8,19097
2004,Jackson County,48.8,19097
2015,Jackson County,49,19097
2010,Jackson County,49,19097
2007,Jackson County,49,19097
2002,Jackson County,49.5,19097
2001,Jackson County,49.5,19097
2005,Jackson County,49.6,19097
2020,Jackson County,49.9,19097
2017,Jackson County,50.2,19097
2006,Jackson County,50.4,19097
2016,Jackson County,51,19097
2012,Jackson County,51.7,19097
2014,Jasper County,46.4,19099
2008,Jasper County,46.8,19099
2009,Jasper County,47.6,19099
2013,Jasper County,47.7,19099
2019,Jasper County,48,19099
2018,Jasper County,48.8,19099
2003,Jasper County,48.8,19099
2010,Jasper County,49.2,19099
2004,Jasper County,49.3,19099
2011,Jasper County,49.6,19099
2000,Jasper County,49.8,19099
2007,Jasper County,49.9,19099
2001,Jasper County,50,19099
2020,Jasper County,50.2,19099
2015,Jasper County,50.2,19099
2002,Jasper County,50.2,19099
2005,Jasper County,50.4,19099
2017,Jasper County,51.2,19099
2006,Jasper County,51.4,19099
2016,Jasper County,51.8,19099
2012,Jasper County,52.9,19099
2014,Jefferson County,46.5,19101
2008,Jefferson County,48.5,19101
2019,Jefferson County,48.6,19101
2013,Jefferson County,48.8,19101
2018,Jefferson County,49.1,19101
2009,Jefferson County,49.3,19101
2003,Jefferson County,50,19101
2020,Jefferson County,50.2,19101
2015,Jefferson County,50.4,19101
2010,Jefferson County,50.5,19101
2004,Jefferson County,50.7,19101
2000,Jefferson County,50.7,19101
2011,Jefferson County,51.2,19101
2017,Jefferson County,51.4,19101
2007,Jefferson County,51.4,19101
2002,Jefferson County,51.4,19101
2001,Jefferson County,51.4,19101
2005,Jefferson County,52,19101
2016,Jefferson County,52.1,19101
2006,Jefferson County,52.8,19101
2012,Jefferson County,54.1,19101
2014,Johnson County,45.7,19103
2008,Johnson County,46.9,19103
2019,Johnson County,47.7,19103
2009,Johnson County,47.8,19103
2013,Johnson County,48,19103
2018,Johnson County,48.6,19103
2003,Johnson County,48.7,19103
2000,Johnson County,49.4,19103
2020,Johnson County,49.5,19103
2015,Johnson County,49.6,19103
2010,Johnson County,49.6,19103
2011,Johnson County,49.8,19103
2004,Johnson County,49.8,19103
2007,Johnson County,49.9,19103
2001,Johnson County,50.1,19103
2002,Johnson County,50.2,19103
2005,Johnson County,50.6,19103
2017,Johnson County,50.8,19103
2006,Johnson County,51.3,19103
2016,Johnson County,51.6,19103
2012,Johnson County,52.8,19103
2014,Jones County,44.8,19105
2008,Jones County,45.8,19105
2009,Jones County,46.4,19105
2013,Jones County,46.6,19105
2019,Jones County,47.5,19105
2003,Jones County,47.5,19105
2018,Jones County,48.1,19105
2000,Jones County,48.2,19105
2010,Jones County,48.3,19105
2004,Jones County,48.4,19105
2011,Jones County,48.5,19105
2007,Jones County,48.7,19105
2015,Jones County,48.8,19105
2001,Jones County,49,19105
2002,Jones County,49.1,19105
2020,Jones County,49.3,19105
2005,Jones County,49.3,19105
2006,Jones County,50.1,19105
2017,Jones County,50.2,19105
2016,Jones County,50.8,19105
2012,Jones County,51.6,19105
2014,Keokuk County,46.5,19107
2008,Keokuk County,47.5,19107
2013,Keokuk County,48.3,19107
2009,Keokuk County,48.3,19107
2019,Keokuk County,48.7,19107
2003,Keokuk County,49.1,19107
2018,Keokuk County,49.3,19107
2010,Keokuk County,49.8,19107
2004,Keokuk County,49.8,19107
2000,Keokuk County,50,19107
2011,Keokuk County,50.2,19107
2020,Keokuk County,50.4,19107
2015,Keokuk County,50.5,19107
2007,Keokuk County,50.5,19107
2001,Keokuk County,50.5,19107
2002,Keokuk County,50.6,19107
2005,Keokuk County,51.1,19107
2017,Keokuk County,51.4,19107
2006,Keokuk County,51.8,19107
2016,Keokuk County,52.3,19107
2012,Keokuk County,53.5,19107
2014,Kossuth County,43.4,19109
2008,Kossuth County,43.8,19109
2019,Kossuth County,44.1,19109
2013,Kossuth County,44.4,19109
2009,Kossuth County,44.5,19109
2018,Kossuth County,45,19109
2010,Kossuth County,46,19109
2003,Kossuth County,46,19109
2011,Kossuth County,46.1,19109
2000,Kossuth County,46.2,19109
2007,Kossuth County,46.6,19109
2004,Kossuth County,46.6,19109
2001,Kossuth County,46.9,19109
2020,Kossuth County,47,19109
2002,Kossuth County,47,19109
2005,Kossuth County,47.5,19109
2015,Kossuth County,47.6,19109
2017,Kossuth County,47.8,19109
2006,Kossuth County,48.2,19109
2016,Kossuth County,48.7,19109
2012,Kossuth County,50.3,19109
2014,Lee County,47.9,19111
2008,Lee County,50.1,19111
2013,Lee County,50.2,19111
2019,Lee County,50.6,19111
2009,Lee County,50.6,19111
2018,Lee County,51,19111
2003,Lee County,51.2,19111
2015,Lee County,51.8,19111
2000,Lee County,52,19111
2020,Lee County,52.1,19111
2010,Lee County,52.1,19111
2004,Lee County,52.1,19111
2011,Lee County,52.4,19111
2002,Lee County,52.8,19111
2001,Lee County,52.8,19111
2007,Lee County,53,19111
2017,Lee County,53.2,19111
2005,Lee County,53.4,19111
2016,Lee County,53.6,19111
2006,Lee County,53.9,19111
2012,Lee County,55.1,19111
2014,Linn County,44.9,19113
2008,Linn County,45.7,19113
2019,Linn County,46.4,19113
2009,Linn County,46.5,19113
2013,Linn County,46.8,19113
2018,Linn County,47.4,19113
2003,Linn County,47.7,19113
2000,Linn County,48.3,19113
2010,Linn County,48.4,19113
2020,Linn County,48.6,19113
2004,Linn County,48.6,19113
2007,Linn County,48.7,19113
2015,Linn County,48.8,19113
2011,Linn County,48.8,19113
2001,Linn County,49,19113
2002,Linn County,49.3,19113
2005,Linn County,49.4,19113
2017,Linn County,49.5,19113
2006,Linn County,50.1,19113
2016,Linn County,50.5,19113
2012,Linn County,51.9,19113
2014,Louisa County,46.8,19115
2008,Louisa County,48.7,19115
2013,Louisa County,48.9,19115
2019,Louisa County,49.1,19115
2009,Louisa County,49.3,19115
2018,Louisa County,49.6,19115
2003,Louisa County,50,19115
2015,Louisa County,50.6,19115
2000,Louisa County,50.8,19115
2010,Louisa County,50.9,19115
2004,Louisa County,50.9,19115
2020,Louisa County,51.1,19115
2011,Louisa County,51.1,19115
2007,Louisa County,51.4,19115
2001,Louisa County,51.4,19115
2002,Louisa County,51.5,19115
2017,Louisa County,51.8,19115
2005,Louisa County,51.9,19115
2006,Louisa County,52.5,19115
2016,Louisa County,52.6,19115
2012,Louisa County,53.9,19115
2014,Lucas County,47.4,19117
2008,Lucas County,47.9,19117
2013,Lucas County,48.5,19117
2009,Lucas County,48.7,19117
2019,Lucas County,49,19117
2018,Lucas County,49.7,19117
2010,Lucas County,50,19117
2003,Lucas County,50.1,19117
2004,Lucas County,50.5,19117
2011,Lucas County,50.6,19117
2000,Lucas County,50.7,19117
2001,Lucas County,50.8,19117
2020,Lucas County,51,19117
2007,Lucas County,51,19117
2002,Lucas County,51,19117
2015,Lucas County,51.1,19117
2005,Lucas County,51.5,19117
2017,Lucas County,52.1,19117
2006,Lucas County,52.3,19117
2016,Lucas County,52.4,19117
2012,Lucas County,54,19117
2008,Lyon County,43.6,19119
2019,Lyon County,43.9,19119
2014,Lyon County,43.9,19119
2013,Lyon County,44.4,19119
2009,Lyon County,44.5,19119
2018,Lyon County,44.8,19119
2011,Lyon County,45.8,19119
2003,Lyon County,45.9,19119
2010,Lyon County,46,19119
2000,Lyon County,46.2,19119
2004,Lyon County,46.6,19119
2001,Lyon County,46.8,19119
2007,Lyon County,46.9,19119
2002,Lyon County,46.9,19119
2020,Lyon County,47.1,19119
2017,Lyon County,47.6,19119
2015,Lyon County,47.8,19119
2005,Lyon County,47.9,19119
2016,Lyon County,48.5,19119
2006,Lyon County,48.5,19119
2012,Lyon County,50.2,19119
2008,Madison County,47.1,19121
2014,Madison County,47.4,19121
2013,Madison County,48,19121
2009,Madison County,48.1,19121
2019,Madison County,48.2,19121
2018,Madison County,49.1,19121
2010,Madison County,49.3,19121
2003,Madison County,49.5,19121
2011,Madison County,49.6,19121
2004,Madison County,49.7,19121
2007,Madison County,50.2,19121
2000,Madison County,50.3,19121
2001,Madison County,50.4,19121
2020,Madison County,50.5,19121
2002,Madison County,50.5,19121
2015,Madison County,50.9,19121
2005,Madison County,51,19121
2017,Madison County,52,19121
2006,Madison County,52,19121
2016,Madison County,52.5,19121
2012,Madison County,53.3,19121
2014,Mahaska County,47.1,19123
2008,Mahaska County,47.6,19123
2009,Mahaska County,48.4,19123
2013,Mahaska County,48.7,19123
2019,Mahaska County,48.9,19123
2003,Mahaska County,49.4,19123
2018,Mahaska County,49.7,19123
2010,Mahaska County,49.9,19123
2004,Mahaska County,50,19123
2011,Mahaska County,50.4,19123
2000,Mahaska County,50.4,19123
2020,Mahaska County,50.6,19123
2007,Mahaska County,50.6,19123
2001,Mahaska County,50.6,19123
2002,Mahaska County,50.8,19123
2005,Mahaska County,51.1,19123
2015,Mahaska County,51.2,19123
2017,Mahaska County,51.8,19123
2006,Mahaska County,51.8,19123
2016,Mahaska County,52.7,19123
2012,Mahaska County,53.8,19123
2014,Marion County,47.2,19125
2008,Marion County,47.6,19125
2013,Marion County,48.6,19125
2009,Marion County,48.7,19125
2019,Marion County,48.8,19125
2018,Marion County,49.4,19125
2003,Marion County,50,19125
2010,Marion County,50.2,19125
2020,Marion County,50.6,19125
2004,Marion County,50.6,19125
2011,Marion County,50.7,19125
2000,Marion County,50.8,19125
2015,Marion County,51,19125
2007,Marion County,51,19125
2001,Marion County,51,19125
2002,Marion County,51.3,19125
2005,Marion County,51.5,19125
2017,Marion County,52,19125
2016,Marion County,52.4,19125
2006,Marion County,52.5,19125
2012,Marion County,54.1,19125
2014,Marshall County,45.4,19127
2008,Marshall County,45.7,19127
2013,Marshall County,46.6,19127
2009,Marshall County,46.6,19127
2019,Marshall County,46.9,19127
2003,Marshall County,47.6,19127
2018,Marshall County,47.7,19127
2010,Marshall County,48.1,19127
2004,Marshall County,48.2,19127
2011,Marshall County,48.4,19127
2000,Marshall County,48.6,19127
2007,Marshall County,48.8,19127
2001,Marshall County,48.9,19127
2020,Marshall County,49.1,19127
2002,Marshall County,49.1,19127
2015,Marshall County,49.3,19127
2005,Marshall County,49.3,19127
2017,Marshall County,50.2,19127
2006,Marshall County,50.3,19127
2016,Marshall County,50.9,19127
2012,Marshall County,52,19127
2008,Mills County,48.9,19129
2014,Mills County,49.1,19129
2009,Mills County,49.3,19129
2013,Mills County,49.4,19129
2019,Mills County,49.7,19129
2018,Mills County,50,19129
2010,Mills County,50.6,19129
2003,Mills County,50.8,19129
2011,Mills County,50.9,19129
2004,Mills County,51.2,19129
2007,Mills County,51.6,19129
2002,Mills County,51.7,19129
2000,Mills County,51.7,19129
2020,Mills County,51.9,19129
2001,Mills County,51.9,19129
2015,Mills County,52,19129
2005,Mills County,52.4,19129
2017,Mills County,52.8,19129
2006,Mills County,53,19129
2016,Mills County,53.6,19129
2012,Mills County,54.8,19129
2014,Mitchell County,42.1,19131
2008,Mitchell County,43,19131
2019,Mitchell County,43.6,19131
2013,Mitchell County,43.6,19131
2009,Mitchell County,43.7,19131
2018,Mitchell County,44.4,19131
2003,Mitchell County,45,19131
2010,Mitchell County,45.3,19131
2004,Mitchell County,45.4,19131
2011,Mitchell County,45.6,19131
2007,Mitchell County,45.6,19131
2000,Mitchell County,45.6,19131
2020,Mitchell County,46.1,19131
2001,Mitchell County,46.2,19131
2002,Mitchell County,46.3,19131
2005,Mitchell County,46.5,19131
2015,Mitchell County,46.6,19131
2017,Mitchell County,47.2,19131
2006,Mitchell County,47.5,19131
2016,Mitchell County,47.8,19131
2012,Mitchell County,49.4,19131
2008,Monona County,46.6,19133
2014,Monona County,47,19133
2013,Monona County,47.2,19133
2019,Monona County,47.3,19133
2009,Monona County,47.3,19133
2018,Monona County,47.6,19133
2011,Monona County,48.6,19133
2010,Monona County,48.6,19133
2003,Monona County,48.8,19133
2004,Monona County,49.4,19133
2000,Monona County,49.6,19133
2002,Monona County,49.7,19133
2007,Monona County,49.8,19133
2001,Monona County,49.9,19133
2020,Monona County,50,19133
2015,Monona County,50.1,19133
2017,Monona County,50.6,19133
2005,Monona County,50.6,19133
2016,Monona County,51.4,19133
2006,Monona County,51.4,19133
2012,Monona County,52.7,19133
2014,Monroe County,47.4,19135
2008,Monroe County,48,19135
2009,Monroe County,48.9,19135
2013,Monroe County,49,19135
2019,Monroe County,49.3,19135
2018,Monroe County,50.1,19135
2003,Monroe County,50.1,19135
2010,Monroe County,50.3,19135
2004,Monroe County,50.4,19135
2011,Monroe County,50.9,19135
2000,Monroe County,50.9,19135
2020,Monroe County,51.1,19135
2007,Monroe County,51.1,19135
2001,Monroe County,51.2,19135
2015,Monroe County,51.3,19135
2002,Monroe County,51.3,19135
2005,Monroe County,51.6,19135
2017,Monroe County,52.3,19135
2006,Monroe County,52.4,19135
2016,Monroe County,52.7,19135
2012,Monroe County,54.4,19135
2008,Montgomery County,48.3,19137
2014,Montgomery County,48.4,19137
2009,Montgomery County,48.6,19137
2013,Montgomery County,48.9,19137
2019,Montgomery County,49.2,19137
2018,Montgomery County,49.6,19137
2010,Montgomery County,49.8,19137
2003,Montgomery County,50.2,19137
2011,Montgomery County,50.3,19137
2004,Montgomery County,50.5,19137
2007,Montgomery County,51,19137
2000,Montgomery County,51,19137
2002,Montgomery County,51.1,19137
2001,Montgomery County,51.1,19137
2020,Montgomery County,51.4,19137
2015,Montgomery County,51.4,19137
2005,Montgomery County,51.8,19137
2017,Montgomery County,52.3,19137
2006,Montgomery County,52.5,19137
2016,Montgomery County,53.1,19137
2012,Montgomery County,54.1,19137
2014,Muscatine County,45.8,19139
2008,Muscatine County,48.1,19139
2013,Muscatine County,48.2,19139
2019,Muscatine County,48.3,19139
2009,Muscatine County,48.7,19139
2018,Muscatine County,48.8,19139
2003,Muscatine County,49.5,19139
2015,Muscatine County,49.6,19139
2020,Muscatine County,50.2,19139
2000,Muscatine County,50.3,19139
2010,Muscatine County,50.4,19139
2004,Muscatine County,50.4,19139
2011,Muscatine County,50.6,19139
2017,Muscatine County,50.8,19139
2007,Muscatine County,50.8,19139
2001,Muscatine County,50.9,19139
2002,Muscatine County,51,19139
2005,Muscatine County,51.4,19139
2016,Muscatine County,51.7,19139
2006,Muscatine County,52,19139
2012,Muscatine County,53.4,19139
2008,O'Brien County,43.6,19141
2014,O'Brien County,43.9,19141
2019,O'Brien County,44.2,19141
2009,O'Brien County,44.5,19141
2013,O'Brien County,44.6,19141
2018,O'Brien County,45,19141
2003,O'Brien County,45.7,19141
2010,O'Brien County,46,19141
2011,O'Brien County,46.1,19141
2000,O'Brien County,46.2,19141
2004,O'Brien County,46.4,19141
2001,O'Brien County,46.7,19141
2007,O'Brien County,46.8,19141
2002,O'Brien County,46.9,19141
2020,O'Brien County,47.4,19141
2015,O'Brien County,47.8,19141
2005,O'Brien County,47.8,19141
2017,O'Brien County,48,19141
2006,O'Brien County,48.4,19141
2016,O'Brien County,48.8,19141
2012,O'Brien County,50.2,19141
2014,Osceola County,42.8,19143
2008,Osceola County,42.9,19143
2019,Osceola County,43.2,19143
2013,Osceola County,43.6,19143
2009,Osceola County,43.7,19143
2018,Osceola County,44.1,19143
2011,Osceola County,45.1,19143
2003,Osceola County,45.1,19143
2010,Osceola County,45.4,19143
2000,Osceola County,45.5,19143
2004,Osceola County,45.7,19143
2007,Osceola County,46.1,19143
2002,Osceola County,46.2,19143
2001,Osceola County,46.3,19143
2020,Osceola County,46.4,19143
2015,Osceola County,46.9,19143
2017,Osceola County,47,19143
2005,Osceola County,47.1,19143
2006,Osceola County,47.7,19143
2016,Osceola County,47.9,19143
2012,Osceola County,49.3,19143
2008,Page County,48.8,19145
2014,Page County,49.2,19145
2009,Page County,49.2,19145
2013,Page County,49.7,19145
2019,Page County,50,19145
2018,Page County,50.4,19145
2010,Page County,50.4,19145
2003,Page County,50.9,19145
2011,Page County,51,19145
2004,Page County,51.2,19145
2000,Page County,51.5,19145
2007,Page County,51.6,19145
2001,Page County,51.6,19145
2002,Page County,51.7,19145
2020,Page County,52.2,19145
2015,Page County,52.2,19145
2005,Page County,52.3,19145
2017,Page County,53,19145
2006,Page County,53.1,19145
2016,Page County,53.7,19145
2012,Page County,54.9,19145
2014,Palo Alto County,43.9,19147
2008,Palo Alto County,43.9,19147
2019,Palo Alto County,44.6,19147
2013,Palo Alto County,44.7,19147
2009,Palo Alto County,44.7,19147
2018,Palo Alto County,45.6,19147
2010,Palo Alto County,46,19147
2003,Palo Alto County,46,19147
2011,Palo Alto County,46.2,19147
2000,Palo Alto County,46.4,19147
2004,Palo Alto County,46.7,19147
2007,Palo Alto County,47,19147
2002,Palo Alto County,47,19147
2001,Palo Alto County,47.1,19147
2020,Palo Alto County,47.2,19147
2005,Palo Alto County,47.7,19147
2015,Palo Alto County,48.3,19147
2017,Palo Alto County,48.5,19147
2006,Palo Alto County,48.5,19147
2016,Palo Alto County,49.3,19147
2012,Palo Alto County,50.6,19147
2008,Plymouth County,44.9,19149
2019,Plymouth County,45.6,19149
2014,Plymouth County,45.7,19149
2009,Plymouth County,45.9,19149
2018,Plymouth County,46.1,19149
2013,Plymouth County,46.1,19149
2010,Plymouth County,47.2,19149
2011,Plymouth County,47.4,19149
2003,Plymouth County,47.4,19149
2004,Plymouth County,47.9,19149
2000,Plymouth County,47.9,19149
2007,Plymouth County,48.2,19149
2001,Plymouth County,48.3,19149
2002,Plymouth County,48.4,19149
2020,Plymouth County,48.7,19149
2017,Plymouth County,49.1,19149
2015,Plymouth County,49.2,19149
2005,Plymouth County,49.3,19149
2006,Plymouth County,49.7,19149
2016,Plymouth County,50,19149
2012,Plymouth County,51.7,19149
2008,Pocahontas County,44.4,19151
2014,Pocahontas County,44.5,19151
2013,Pocahontas County,45,19151
2019,Pocahontas County,45.1,19151
2009,Pocahontas County,45.4,19151
2018,Pocahontas County,45.9,19151
2003,Pocahontas County,46.6,19151
2010,Pocahontas County,46.7,19151
2011,Pocahontas County,46.8,19151
2000,Pocahontas County,47.2,19151
2004,Pocahontas County,47.3,19151
2007,Pocahontas County,47.5,19151
2002,Pocahontas County,47.5,19151
2001,Pocahontas County,47.6,19151
2020,Pocahontas County,47.8,19151
2015,Pocahontas County,48.3,19151
2005,Pocahontas County,48.5,19151
2017,Pocahontas County,48.8,19151
2006,Pocahontas County,49.2,19151
2016,Pocahontas County,49.5,19151
2012,Pocahontas County,50.9,19151
2014,Polk County,47,19153
2008,Polk County,47.4,19153
2009,Polk County,48.2,19153
2019,Polk County,48.3,19153
2013,Polk County,48.3,19153
2018,Polk County,49.2,19153
2010,Polk County,49.4,19153
2003,Polk County,49.4,19153
2004,Polk County,49.7,19153
2011,Polk County,49.9,19153
2000,Polk County,50.3,19153
2015,Polk County,50.4,19153
2007,Polk County,50.4,19153
2020,Polk County,50.5,19153
2002,Polk County,50.6,19153
2001,Polk County,50.7,19153
2005,Polk County,51.1,19153
2017,Polk County,52,19153
2006,Polk County,52.1,19153
2016,Polk County,52.4,19153
2012,Polk County,53.6,19153
2008,Pottawattamie County,48,19155
2014,Pottawattamie County,48.2,19155
2009,Pottawattamie County,48.3,19155
2013,Pottawattamie County,48.5,19155
2019,Pottawattamie County,48.8,19155
2018,Pottawattamie County,49.2,19155
2010,Pottawattamie County,49.6,19155
2003,Pottawattamie County,49.7,19155
2011,Pottawattamie County,49.8,19155
2004,Pottawattamie County,50.1,19155
2007,Pottawattamie County,50.6,19155
2000,Pottawattamie County,50.7,19155
2002,Pottawattamie County,50.8,19155
2001,Pottawattamie County,50.9,19155
2020,Pottawattamie County,51,19155
2015,Pottawattamie County,51.2,19155
2005,Pottawattamie County,51.5,19155
2017,Pottawattamie County,52.1,19155
2006,Pottawattamie County,52.2,19155
2016,Pottawattamie County,52.8,19155
2012,Pottawattamie County,53.7,19155
2014,Poweshiek County,45.7,19157
2008,Poweshiek County,46.2,19157
2009,Poweshiek County,47,19157
2013,Poweshiek County,47.2,19157
2019,Poweshiek County,47.7,19157
2003,Poweshiek County,48,19157
2018,Poweshiek County,48.5,19157
2010,Poweshiek County,48.7,19157
2004,Poweshiek County,48.7,19157
2011,Poweshiek County,49,19157
2000,Poweshiek County,49.1,19157
2001,Poweshiek County,49.3,19157
2007,Poweshiek County,49.4,19157
2015,Poweshiek County,49.6,19157
2002,Poweshiek County,49.6,19157
2005,Poweshiek County,49.8,19157
2020,Poweshiek County,49.9,19157
2017,Poweshiek County,50.5,19157
2006,Poweshiek County,50.6,19157
2016,Poweshiek County,51.3,19157
2012,Poweshiek County,52.1,19157
2008,Ringgold County,47.8,19159
2014,Ringgold County,48,19159
2009,Ringgold County,48.7,19159
2013,Ringgold County,48.8,19159
2019,Ringgold County,49.4,19159
2010,Ringgold County,50.1,19159
2003,Ringgold County,50.1,19159
2018,Ringgold County,50.2,19159
2004,Ringgold County,50.3,19159
2011,Ringgold County,50.4,19159
2000,Ringgold County,50.7,19159
2001,Ringgold County,50.8,19159
2007,Ringgold County,50.9,19159
2002,Ringgold County,50.9,19159
2020,Ringgold County,51.2,19159
2015,Ringgold County,51.3,19159
2005,Ringgold County,51.5,19159
2006,Ringgold County,52.2,19159
2017,Ringgold County,52.5,19159
2016,Ringgold County,52.9,19159
2012,Ringgold County,54.1,19159
2008,Sac County,44.8,19161
2014,Sac County,45.1,19161
2009,Sac County,45.7,19161
2013,Sac County,45.8,19161
2019,Sac County,46.1,19161
2018,Sac County,46.6,19161
2010,Sac County,46.9,19161
2011,Sac County,47.1,19161
2003,Sac County,47.2,19161
2004,Sac County,47.7,19161
2000,Sac County,47.9,19161
2007,Sac County,48.1,19161
2002,Sac County,48.1,19161
2001,Sac County,48.2,19161
2015,Sac County,48.6,19161
2005,Sac County,49,19161
2020,Sac County,49.1,19161
2017,Sac County,49.4,19161
2006,Sac County,49.9,19161
2016,Sac County,50,19161
2012,Sac County,51.2,19161
2014,Scott County,46.6,19163
2008,Scott County,47.9,19163
2013,Scott County,48.4,19163
2009,Scott County,48.4,19163
2019,Scott County,48.7,19163
2003,Scott County,49.1,19163
2018,Scott County,49.6,19163
2000,Scott County,49.9,19163
2004,Scott County,50.1,19163
2011,Scott County,50.2,19163
2010,Scott County,50.2,19163
2015,Scott County,50.3,19163
2007,Scott County,50.7,19163
2001,Scott County,50.7,19163
2002,Scott County,50.8,19163
2020,Scott County,51,19163
2005,Scott County,51.3,19163
2017,Scott County,51.4,19163
2006,Scott County,51.7,19163
2016,Scott County,52.3,19163
2012,Scott County,53.2,19163
2008,Shelby County,46.5,19165
2014,Shelby County,46.6,19165
2009,Shelby County,46.8,19165
2013,Shelby County,46.9,19165
2019,Shelby County,47.4,19165
2018,Shelby County,47.8,19165
2010,Shelby County,48,19165
2011,Shelby County,48.2,19165
2003,Shelby County,48.4,19165
2004,Shelby County,48.9,19165
2002,Shelby County,49.3,19165
2007,Shelby County,49.4,19165
2000,Shelby County,49.4,19165
2001,Shelby County,49.5,19165
2020,Shelby County,50,19165
2015,Shelby County,50,19165
2005,Shelby County,50,19165
2017,Shelby County,50.7,19165
2006,Shelby County,50.9,19165
2016,Shelby County,51.3,19165
2012,Shelby County,52.1,19165
2008,Sioux County,44.1,19167
2019,Sioux County,44.5,19167
2014,Sioux County,44.6,19167
2009,Sioux County,45,19167
2013,Sioux County,45.2,19167
2018,Sioux County,45.3,19167
2010,Sioux County,46.3,19167
2011,Sioux County,46.5,19167
2003,Sioux County,46.5,19167
2000,Sioux County,46.9,19167
2004,Sioux County,47,19167
2007,Sioux County,47.4,19167
2001,Sioux County,47.4,19167
2002,Sioux County,47.5,19167
2020,Sioux County,47.6,19167
2017,Sioux County,48.2,19167
2015,Sioux County,48.3,19167
2005,Sioux County,48.4,19167
2006,Sioux County,49,19167
2016,Sioux County,49.1,19167
2012,Sioux County,50.9,19167
2014,Story County,45.7,19169
2008,Story County,46,19169
2013,Story County,46.8,19169
2009,Story County,46.9,19169
2019,Story County,47.1,19169
2018,Story County,48,19169
2003,Story County,48.1,19169
2010,Story County,48.2,19169
2004,Story County,48.5,19169
2011,Story County,48.6,19169
2007,Story County,49,19169
2000,Story County,49.1,19169
2015,Story County,49.4,19169
2002,Story County,49.4,19169
2001,Story County,49.4,19169
2020,Story County,49.5,19169
2005,Story County,49.6,19169
2017,Story County,50.5,19169
2006,Story County,50.7,19169
2016,Story County,51.1,19169
2012,Story County,52.2,19169
2014,Tama County,44.7,19171
2008,Tama County,45.3,19171
2009,Tama County,46.2,19171
2013,Tama County,46.3,19171
2019,Tama County,46.4,19171
2003,Tama County,47.2,19171
2018,Tama County,47.3,19171
2010,Tama County,47.9,19171
2004,Tama County,47.9,19171
2011,Tama County,48.2,19171
2000,Tama County,48.2,19171
2007,Tama County,48.5,19171
2001,Tama County,48.5,19171
2020,Tama County,48.8,19171
2015,Tama County,48.8,19171
2002,Tama County,48.8,19171
2005,Tama County,48.9,19171
2017,Tama County,49.6,19171
2006,Tama County,49.9,19171
2016,Tama County,50.3,19171
2012,Tama County,51.6,19171
2014,Taylor County,48.1,19173
2008,Taylor County,48.1,19173
2009,Taylor County,48.7,19173
2013,Taylor County,48.9,19173
2019,Taylor County,49.4,19173
2010,Taylor County,49.8,19173
2018,Taylor County,50.1,19173
2003,Taylor County,50.2,19173
2011,Taylor County,50.3,19173
2004,Taylor County,50.5,19173
2000,Taylor County,50.8,19173
2007,Taylor County,51,19173
2001,Taylor County,51,19173
2002,Taylor County,51.1,19173
2015,Taylor County,51.3,19173
2020,Taylor County,51.4,19173
2005,Taylor County,51.6,19173
2017,Taylor County,52.5,19173
2006,Taylor County,52.5,19173
2016,Taylor County,53.1,19173
2012,Taylor County,54.4,19173
2008,Union County,47.2,19175
2014,Union County,47.5,19175
2009,Union County,48.1,19175
2013,Union County,48.2,19175
2019,Union County,48.4,19175
2018,Union County,49.2,19175
2010,Union County,49.4,19175
2003,Union County,49.4,19175
2011,Union County,49.6,19175
2004,Union County,49.6,19175
2007,Union County,50.1,19175
2000,Union County,50.1,19175
2002,Union County,50.2,19175
2001,Union County,50.3,19175
2020,Union County,50.4,19175
2015,Union County,50.8,19175
2005,Union County,50.9,19175
2017,Union County,51.8,19175
2006,Union County,51.8,19175
2016,Union County,52.3,19175
2012,Union County,53.4,19175
2014,Van Buren County,47.1,19177
2013,Van Buren County,49.2,19177
2019,Van Buren County,49.3,19177
2008,Van Buren County,49.3,19177
2018,Van Buren County,49.7,19177
2009,Van Buren County,50,19177
2003,Van Buren County,50.6,19177
2020,Van Buren County,50.9,19177
2015,Van Buren County,51.1,19177
2004,Van Buren County,51.2,19177
2010,Van Buren County,51.3,19177
2000,Van Buren County,51.5,19177
2011,Van Buren County,51.7,19177
2001,Van Buren County,52,19177
2017,Van Buren County,52.1,19177
2007,Van Buren County,52.2,19177
2002,Van Buren County,52.2,19177
2005,Van Buren County,52.5,19177
2016,Van Buren County,52.8,19177
2006,Van Buren County,53.3,19177
2012,Van Buren County,54.5,19177
2014,Wapello County,47.5,19179
2008,Wapello County,48.3,19179
2009,Wapello County,49.1,19179
2013,Wapello County,49.3,19179
2019,Wapello County,49.6,19179
2003,Wapello County,50,19179
2018,Wapello County,50.4,19179
2010,Wapello County,50.4,19179
2004,Wapello County,50.5,19179
2000,Wapello County,50.8,19179
2020,Wapello County,51,19179
2011,Wapello County,51,19179
2007,Wapello County,51.2,19179
2001,Wapello County,51.2,19179
2002,Wapello County,51.4,19179
2015,Wapello County,51.5,19179
2005,Wapello County,51.8,19179
2017,Wapello County,52.2,19179
2006,Wapello County,52.5,19179
2016,Wapello County,52.9,19179
2012,Wapello County,54.3,19179
2014,Warren County,47.7,19181
2008,Warren County,47.7,19181
2013,Warren County,48.7,19181
2009,Warren County,48.7,19181
2019,Warren County,48.9,19181
2018,Warren County,49.6,19181
2010,Warren County,49.9,19181
2003,Warren County,50,19181
2011,Warren County,50.3,19181
2004,Warren County,50.4,19181
2007,Warren County,50.8,19181
2000,Warren County,50.8,19181
2001,Warren County,51,19181
2020,Warren County,51.1,19181
2002,Warren County,51.1,19181
2015,Warren County,51.2,19181
2005,Warren County,51.7,19181
2017,Warren County,52.5,19181
2006,Warren County,52.6,19181
2016,Warren County,53,19181
2012,Warren County,54.1,19181
2014,Washington County,46.5,19183
2008,Washington County,47.8,19183
2019,Washington County,48.6,19183
2013,Washington County,48.6,19183
2009,Washington County,48.6,19183
2018,Washington County,48.8,19183
2003,Washington County,49.3,19183
2010,Washington County,50,19183
2000,Washington County,50.2,19183
2020,Washington County,50.3,19183
2015,Washington County,50.3,19183
2004,Washington County,50.3,19183
2011,Washington County,50.4,19183
2007,Washington County,50.7,19183
2002,Washington County,50.8,19183
2001,Washington County,50.8,19183
2017,Washington County,51.3,19183
2005,Washington County,51.4,19183
2016,Washington County,52.1,19183
2006,Washington County,52.1,19183
2012,Washington County,53.6,19183
2014,Wayne County,47.7,19185
2008,Wayne County,48.2,19185
2013,Wayne County,48.9,19185
2009,Wayne County,49,19185
2019,Wayne County,49.2,19185
2018,Wayne County,50,19185
2010,Wayne County,50.3,19185
2003,Wayne County,50.3,19185
2004,Wayne County,50.6,19185
2011,Wayne County,50.7,19185
2000,Wayne County,50.9,19185
2020,Wayne County,51,19185
2001,Wayne County,51,19185
2015,Wayne County,51.2,19185
2002,Wayne County,51.2,19185
2007,Wayne County,51.3,19185
2005,Wayne County,51.7,19185
2017,Wayne County,52.2,19185
2016,Wayne County,52.6,19185
2006,Wayne County,52.6,19185
2012,Wayne County,54.2,19185
2014,Webster County,44.7,19187
2008,Webster County,45.1,19187
2013,Webster County,45.7,19187
2019,Webster County,45.8,19187
2009,Webster County,46.1,19187
2018,Webster County,46.6,19187
2003,Webster County,47.2,19187
2010,Webster County,47.4,19187
2011,Webster County,47.5,19187
2004,Webster County,47.8,19187
2000,Webster County,47.9,19187
2007,Webster County,48,19187
2001,Webster County,48.3,19187
2020,Webster County,48.4,19187
2002,Webster County,48.4,19187
2015,Webster County,48.5,19187
2005,Webster County,48.9,19187
2017,Webster County,49.3,19187
2016,Webster County,49.8,19187
2006,Webster County,49.8,19187
2012,Webster County,51.3,19187
2014,Winnebago County,42.4,19189
2008,Winnebago County,43.1,19189
2019,Winnebago County,43.5,19189
2013,Winnebago County,43.6,19189
2009,Winnebago County,43.7,19189
2018,Winnebago County,43.9,19189
2010,Winnebago County,45.4,19189
2011,Winnebago County,45.5,19189
2003,Winnebago County,45.5,19189
2000,Winnebago County,45.7,19189
2007,Winnebago County,45.8,19189
2004,Winnebago County,45.8,19189
2001,Winnebago County,46.1,19189
2020,Winnebago County,46.2,19189
2002,Winnebago County,46.2,19189
2017,Winnebago County,46.6,19189
2015,Winnebago County,46.6,19189
2005,Winnebago County,47,19189
2006,Winnebago County,47.5,19189
2016,Winnebago County,47.7,19189
2012,Winnebago County,49.6,19191
2014,Winneshiek County,42.1,19191
2008,Winneshiek County,42.9,19191
2009,Winneshiek County,43.7,19191
2013,Winneshiek County,43.8,19191
2019,Winneshiek County,43.9,19191
2018,Winneshiek County,44.9,19191
2003,Winneshiek County,44.9,19191
2000,Winneshiek County,45.6,19191
2004,Winneshiek County,45.7,19191
2011,Winneshiek County,45.8,19191
2010,Winneshiek County,45.8,19191
2007,Winneshiek County,45.8,19191
2001,Winneshiek County,46.4,19191
2005,Winneshiek County,46.5,19191
2015,Winneshiek County,46.6,19191
2002,Winneshiek County,46.7,19191
2017,Winneshiek County,46.9,19191
2020,Winneshiek County,47,19191
2006,Winneshiek County,47.6,19191
2016,Winneshiek County,47.7,19191
2012,Winneshiek County,49.5,19191
2008,Woodbury County,45.9,19193
2014,Woodbury County,46.5,19193
2013,Woodbury County,46.5,19193
2019,Woodbury County,46.6,19193
2009,Woodbury County,46.8,19193
2018,Woodbury County,46.9,19193
2011,Woodbury County,48,19193
2010,Woodbury County,48.1,19193
2003,Woodbury County,48.1,19193
2000,Woodbury County,48.7,19193
2004,Woodbury County,48.8,19193
2007,Woodbury County,49,19193
2002,Woodbury County,49,19193
2001,Woodbury County,49,19193
2020,Woodbury County,49.4,19193
2015,Woodbury County,49.6,19193
2017,Woodbury County,49.8,19193
2005,Woodbury County,50.3,19193
2006,Woodbury County,50.7,19193
2016,Woodbury County,50.9,19193
2012,Woodbury County,51.9,19193
2014,Worth County,42.2,19195
2008,Worth County,43,19195
2019,Worth County,43.4,19195
2013,Worth County,43.7,19195
2009,Worth County,43.7,19195
2018,Worth County,43.9,19195
2003,Worth County,45.1,19195
2010,Worth County,45.4,19195
2011,Worth County,45.6,19195
2004,Worth County,45.6,19195
2000,Worth County,45.6,19195
2007,Worth County,45.7,19195
2020,Worth County,46,19195
2001,Worth County,46.1,19195
2002,Worth County,46.3,19195
2017,Worth County,46.7,19195
2015,Worth County,46.7,19195
2005,Worth County,46.8,19195
2006,Worth County,47.4,19195
2016,Worth County,47.7,19195
2012,Worth County,49.5,19195
2014,Wright County,43.4,19197
2008,Wright County,44.3,19197
2019,Wright County,44.9,19197
2013,Wright County,44.9,19197
2009,Wright County,45.2,19197
2018,Wright County,45.5,19197
2003,Wright County,46.4,19197
2011,Wright County,46.6,19197
2010,Wright County,46.7,19197
2000,Wright County,46.9,19197
2004,Wright County,47,19197
2001,Wright County,47.2,19197
2007,Wright County,47.3,19197
2020,Wright County,47.4,19197
2002,Wright County,47.4,19197
2015,Wright County,47.5,19197
2017,Wright County,48.1,19197
2005,Wright County,48.1,19197
2016,Wright County,48.8,19197
2006,Wright County,48.8,19197
2012,Wright County,50.6,19197
